date,cust_email,cust_location,product_id,product_quantity
2020-01-01,rau@yahoo.com,29947,RPNT781O56LN,1
2020-01-01,rau@yahoo.com,29947,SZC1ET67RT1Q,1
2020-01-01,spoeft@live.com,34506,51BK63YSS9N8,1
2020-01-01,trest@live.com,65920,G7WHBNXYNZAZ,4
2020-01-01,goift@hotmail.com,00736,7WOEQDFMB7X7,1
2020-01-01,jue@yahoo.com,88643,XW2VE835NILC,1
2020-01-02,ry@yahoo.com,89314,4RZY7AF56EI9,1
2020-01-02,ry@yahoo.com,89314,YC99DDZSL9WE,3
2020-01-02,ry@yahoo.com,89314,2FTRZ6U533GF,1
2020-01-02,snuing@gmail.com,32173,CUOVLH52KMSC,3
2020-01-02,pryz@hotmail.com,64030,WY33W6J3DTRK,2
2020-01-02,pryz@hotmail.com,64030,U43A3GW8G36R,4
2020-01-02,no@inbox.com,81848,7KLNXO60Y0K4,1
2020-01-02,no@inbox.com,81848,WWPN9AGGBL5E,1
2020-01-02,chiand@gmail.com,01850,6GHWFN8KYTEA,1
2020-01-02,spoass@msn.com,48683,0VDJ2I6URVZT,1
2020-01-02,spoass@msn.com,48683,XX5PE2TYU47P,3
2020-01-02,diach@gmail.com,63583,6BYQSWIHWL9A,3
2020-01-03,smoo@yahoo.com,19394,FEQ53L74XN9P,4
2020-01-03,smoo@yahoo.com,19394,1QAQNY40U0VD,3
2020-01-03,smoo@yahoo.com,19394,R8TVP5Z2B2QO,1
2020-01-03,pli@icloud.com,07282,HFU3929IG1V6,3
2020-01-03,swoup@gmail.com,27491,D8YN2G94R17Z,2
2020-01-03,nu@aol.com,96585,HRUMWAICVFZ8,1
2020-01-03,gy@gmail.com,64395,OM2GX4V5GU91,1
2020-01-03,noa@inbox.com,71834,U29Y8Z9B9GF2,1
2020-01-03,noa@inbox.com,71834,CU3JU8A46ZZC,4
2020-01-03,noa@inbox.com,71834,TQISXEK7N6AB,1
2020-01-03,jar@gmail.com,43016,ZHONF0BOF6U3,1
2020-01-04,byz@aol.com,01850,78UTBRG64GLC,1
2020-01-04,byz@aol.com,01850,DESK52X1H2HO,1
2020-01-04,byz@aol.com,01850,FBUPIDI67913,1
2020-01-04,byz@aol.com,01850,1G6TKWSAKPPA,1
2020-01-04,byz@aol.com,01850,6MXABQ1NO7OP,3
2020-01-04,byz@aol.com,01850,K3OFE11CM598,1
2020-01-04,stea@yahoo.com,11588,C5XJSETLTV1L,1
2020-01-04,leoz@outlook.com,50890,K2S3INBG2UWO,2
2020-01-04,sliupt@yahoo.com,93702,TTXTUAHENXVM,1
2020-01-05,trump@msn.com,26983,SJBLQ96LCDWX,1
2020-01-05,sti@outlook.com,51977,IJL39RL2U7Q9,1
2020-01-05,snauw@hotmail.com,52432,BFZ2V6APJ3S6,1
2020-01-05,slaa@gmail.com,36232,Q7ARZTFVHSBB,1
2020-01-05,snaom@hotmail.com,33677,NRLVMFHVDDG0,1
2020-01-05,snaom@hotmail.com,33677,DG1X9U3D5FX3,1
2020-01-05,snaom@hotmail.com,33677,D2TBXA75GSOM,1
2020-01-05,snaom@hotmail.com,33677,0LEIVSJFIROL,2
2020-01-05,hu@gmail.com,32173,8T99AA3LHOQ3,1
2020-01-06,me@hotmail.com,13622,XSOUQV1UYAU3,2
2020-01-06,me@hotmail.com,13622,GRYGW3G66W8H,1
2020-01-06,tie@gmail.com,41318,DKJJE8TY5F8X,3
2020-01-06,slyb@gmail.com,70309,QDADACTJR3Y2,2
2020-01-06,yusk@inbox.com,23883,OSWVSCSQR0HH,5
2020-01-06,sou@gmail.com,02010,V6E5L25LYQ5J,1
2020-01-06,plyl@aol.com,76754,4MUD83QUWM2S,1
2020-01-07,reil@yahoo.com,16632,I09PQK5B6WTK,2
2020-01-07,cheo@live.com,75524,7MATW0ZQIOUH,1
2020-01-07,cheo@live.com,75524,BPNK2HTY3KBZ,1
2020-01-07,honk@yahoo.com,70667,5STM2MG6VZZG,3
2020-01-07,myf@gmail.com,13272,SQOUAWTNIP45,4
2020-01-07,ruz@aol.com,83522,IIBOXMJ5U62N,2
2020-01-07,ruz@aol.com,83522,9VPTXJBMPN2A,3
2020-01-07,blia@gmail.com,74904,IFHWBFN798TR,3
2020-01-07,blia@gmail.com,74904,HG90IKTN99DY,4
2020-01-07,blia@gmail.com,74904,UPN0HMTBWA8L,1
2020-01-07,baum@live.com,22849,55CDQLGEIQQ2,1
2020-01-08,plie@hotmail.com,14486,NFA04MZNSCR4,1
2020-01-08,shiuk@msn.com,21837,UNRHF8Z750CU,2
2020-01-08,duen@gmail.com,53555,947N0LYGB5JN,2
2020-01-08,swau@gmail.com,52222,1WNYRPYEMNN6,1
2020-01-08,swau@gmail.com,52222,YIF5LEAFW6E3,1
2020-01-08,bly@msn.com,71692,DGUUAAYHRR4P,1
2020-01-09,fie@gmail.com,39577,48BDNWVMERFI,1
2020-01-09,nou@gmail.com,85372,0YM7FS2F9TQA,1
2020-01-09,nou@gmail.com,85372,OYO12M5GJLZB,1
2020-01-09,nou@gmail.com,85372,DFG589Z13F9D,2
2020-01-09,weiy@yahoo.com,89896,FH30BWQC1NAZ,2
2020-01-09,fir@gmail.com,75524,AFMS8MWFIB01,1
2020-01-09,fir@gmail.com,75524,WWNBBG5FF18A,3
2020-01-09,fir@gmail.com,75524,LACZ18X7WG3V,2
2020-01-10,troo@icloud.com,07460,215AMO74FROE,5
2020-01-10,spuish@gmail.com,29707,7QESLUR2T4A0,2
2020-01-10,spuish@gmail.com,29707,UVC7U20JQALI,2
2020-01-10,pliund@gmail.com,76754,HEJIJ6JVI0CJ,2
2020-01-10,draiss@hotmail.com,07799,3Q80HP9CUBJ4,1
2020-01-10,draiss@hotmail.com,07799,4E7YWGF11YOX,1
2020-01-10,bient@aol.com,01960,9W3W98B1HGZU,4
2020-01-11,proi@yahoo.com,46092,BPVTA9IQXUTJ,2
2020-01-11,groo@inbox.com,70527,50NBFAC4UK0B,3
2020-01-11,flon@gmail.com,78421,WI4H9MTTI0VE,3
2020-01-12,flaiz@aol.com,38743,NRC3BG3TCZSP,1
2020-01-12,flaiz@aol.com,38743,BPW9VQGN2KD1,1
2020-01-12,dass@hotmail.com,97086,QI9BE72OF9JJ,1
2020-01-12,leoct@live.com,15636,PFPG9B81COAY,3
2020-01-12,chia@aol.com,73293,ROWO9DGPWEP4,1
2020-01-12,chia@aol.com,73293,IOJI8LK39OPG,1
2020-01-12,bry@outlook.com,94690,TKMW561VMS7L,1
2020-01-12,yount@hotmail.com,25439,MH3CMZBYMWNV,2
2020-01-13,chy@mail.com,21949,TAMOWOFBVFVA,2
2020-01-13,nank@gmail.com,29947,TK3B9K54PCPV,2
2020-01-13,zee@gmail.com,07977,3E5UGE124YT0,5
2020-01-13,zee@gmail.com,07977,OYAAHFWKE9EZ,4
2020-01-14,yeg@msn.com,80088,DOBB9TU4BBVN,1
2020-01-14,sko@aol.com,46200,9I3WGFJ5EUW1,1
2020-01-15,paor@gmail.com,11428,WMCT6MC15GYH,2
2020-01-15,paor@gmail.com,11428,1H13ATB5ZXTB,2
2020-01-15,paor@gmail.com,11428,0ZMTD8UUV9E0,2
2020-01-15,pliomp@hotmail.com,08905,2NPD2M5GZOIY,1
2020-01-15,li@gmail.com,23883,OY3D2SJW7MJ8,3
2020-01-15,li@gmail.com,23883,KDF8BLAEZF5B,3
2020-01-15,brash@gmail.com,18536,A3KOJA3E6J2R,1
2020-01-15,na@live.com,89740,26XI95OSM2Y1,2
2020-01-15,na@live.com,89740,B11DTO1YC5C1,1
2020-01-15,da@hotmail.com,67650,12W208XRA5TP,1
2020-01-15,fluemp@inbox.com,45256,12R84BYICK3S,1
2020-01-15,fluemp@inbox.com,45256,8DEPLRUL4US1,1
2020-01-15,fluemp@inbox.com,45256,KDYVMUGESQZ1,4
2020-01-15,fluemp@inbox.com,45256,LB8FNG2DDODI,1
2020-01-15,fluemp@inbox.com,45256,2SKGRWCC5BN8,3
2020-01-16,ve@icloud.com,45437,GK1ZJ3UAL3V1,1
2020-01-16,ve@icloud.com,45437,0Z4Z2WABD4LO,1
2020-01-16,slat@aol.com,68591,Y58MRZRYNAIB,1
2020-01-16,toe@inbox.com,69434,ZO2MI2D6JJRN,3
2020-01-16,swi@icloud.com,14486,CLDS8570U240,1
2020-01-16,croept@hotmail.com,42904,JDCQSWRESIXM,1
2020-01-16,sleact@yahoo.com,55978,0MS4VJL2C5NZ,1
2020-01-17,jaisp@msn.com,51035,N8XYJC8IYZNI,1
2020-01-17,vip@outlook.com,11428,DETRQ3J83T80,3
2020-01-17,vip@outlook.com,11428,IY77JLCGOBU8,1
2020-01-17,giusk@outlook.com,98353,M3LIANVRO3E0,1
2020-01-17,giusk@outlook.com,98353,BJ446JAZZBPJ,1
2020-01-17,giusk@outlook.com,98353,R2ID7WTDXI3X,3
2020-01-17,flio@hotmail.com,84862,8LPW3GBA1KZZ,1
2020-01-18,jueng@live.com,84862,6RRO27A7HBGT,2
2020-01-18,plui@inbox.com,53555,VQUQVKPFWOEQ,2
2020-01-18,grept@outlook.com,14496,CRQOV9PEDPPD,1
2020-01-18,grept@outlook.com,14496,LWQIAZ9MWWOH,1
2020-01-18,fui@inbox.com,11439,CEYP22JW3WA6,2
2020-01-18,voect@icloud.com,33774,GYNN3U5GI1AV,1
2020-01-18,strea@gmail.com,43889,CI24UQYWIGHE,1
2020-01-18,strea@gmail.com,43889,JYRMHOLAWQ6D,2
2020-01-18,strea@gmail.com,43889,PMB56OHJ0DQ5,2
2020-01-18,cli@inbox.com,68684,UPYW567UVQ3T,4
2020-01-18,cli@inbox.com,68684,1KFYLCZBTB5R,4
2020-01-18,cli@inbox.com,68684,T7JCGQU1UCXU,1
2020-01-19,smysh@yahoo.com,72792,TL3CGZJFH7NI,2
2020-01-19,smysh@yahoo.com,72792,ODQMAIUM3ZWK,1
2020-01-19,smysh@yahoo.com,72792,Y8O3WCZ98B1A,1
2020-01-19,hai@live.com,96576,3H03Z89QYUXX,1
2020-01-19,hai@live.com,96576,WCY7ERJFXI79,2
2020-01-19,fa@mail.com,45256,0205CPR1OCVZ,1
2020-01-20,spect@live.com,93613,3M2L4EYL3P5H,2
2020-01-20,cro@gmail.com,27945,C7F3WD10GPPH,4
2020-01-21,hao@gmail.com,62477,YWQ00WSLEEVA,1
2020-01-21,smui@outlook.com,85695,MG1AOUIFESY3,1
2020-01-21,smui@outlook.com,85695,1I1IAL7KJP7A,1
2020-01-21,smui@outlook.com,85695,F13H5VHPH693,4
2020-01-21,smui@outlook.com,85695,UMFES41CLICV,2
2020-01-21,smui@outlook.com,85695,3FX4QVCW5R4H,2
2020-01-21,shy@gmail.com,15237,OD7T5TIOR1YJ,3
2020-01-21,spa@hotmail.com,36462,H908ORCGTMAV,3
2020-01-21,spa@hotmail.com,36462,9JXQNIGKZSJ0,2
2020-01-21,spa@hotmail.com,36462,T6BD8I7EAGJ1,1
2020-01-21,prich@yahoo.com,22508,Q1FI99LD5BTL,2
2020-01-22,breu@gmail.com,24553,QUPFONC9HR4N,1
2020-01-22,he@msn.com,85694,A8I3AMNF3JDM,6
2020-01-22,he@msn.com,85694,URK8Y8XMYY8J,1
2020-01-22,he@msn.com,85694,5D49DZKWDNWL,1
2020-01-22,he@msn.com,85694,PC3KLWHDJ3K1,1
2020-01-22,mea@hotmail.com,08790,UA5IYDLBQA4C,1
2020-01-22,prieb@hotmail.com,97554,49TMW699EZG7,2
2020-01-22,skaen@hotmail.com,92788,HJ8WBS19UBMM,1
2020-01-22,suesk@yahoo.com,37476,I9MZAB61FGR2,2
2020-01-22,suesk@yahoo.com,37476,HVXWEDMOS6RD,1
2020-01-22,cra@yahoo.com,69587,6E2QH9NKN1RJ,4
2020-01-22,ploesp@hotmail.com,41222,9OKYVF0514ON,2
2020-01-23,ma@hotmail.com,49966,S7H8Y3E83OZQ,1
2020-01-23,ma@hotmail.com,49966,Y1P8ZY7D2ENH,3
2020-01-23,ma@hotmail.com,49966,RNWRNDY9LEKZ,1
2020-01-23,ma@hotmail.com,49966,7C57KPH1IFET,3
2020-01-23,jim@gmail.com,49800,2X0IMB3Y92PT,1
2020-01-23,jim@gmail.com,49800,UQ1TE3Z9P340,2
2020-01-23,jim@gmail.com,49800,MI6WL9GJO4MK,3
2020-01-23,plimp@gmail.com,45256,H5438PDM0EBV,1
2020-01-23,plimp@gmail.com,45256,T0GS44O0XZHU,1
2020-01-23,plimp@gmail.com,45256,XVS3R0OMBBK2,1
2020-01-23,plimp@gmail.com,45256,X8ZVRQ0VH2QG,1
2020-01-23,plimp@gmail.com,45256,0XL9Z2C6DKEZ,1
2020-01-23,bient@aol.com,01960,T08NB300ZJ7D,1
2020-01-23,ny@outlook.com,60875,T59JYVSWHF1T,1
2020-01-23,grynk@mail.com,43889,AS8CGT72D81B,1
2020-01-23,fruask@inbox.com,76326,BGBQE1HK2QU7,1
2020-01-23,chin@hotmail.com,05742,O4YO7KXIFUM7,2
2020-01-23,stey@hotmail.com,46581,6VRVW8YJZ7H2,3
2020-01-23,stey@hotmail.com,46581,519OF3VBYML5,1
2020-01-23,shoef@msn.com,38743,BNX4WFPQ7XRA,3
2020-01-23,shoef@msn.com,38743,GQKB1Z04AWBS,1
2020-01-23,sao@msn.com,32371,WSEUFP205O2W,1
2020-01-23,sao@msn.com,32371,XLT55ID5734Z,2
2020-01-23,sao@msn.com,32371,62G9N05EZLNC,3
2020-01-23,sao@msn.com,32371,SGEC7R9OKZIH,5
2020-01-23,bla@inbox.com,91557,9L45JFLS4PQD,5
2020-01-24,smev@yahoo.com,12861,HHOSMZB08S0G,1
2020-01-24,smev@yahoo.com,12861,MWJOVMNUT4PL,1
2020-01-24,gre@aol.com,70382,7VT0EX8KAEL3,2
2020-01-24,frind@aol.com,39859,WMIWIVBL81U1,2
2020-01-24,frind@aol.com,39859,Y73333MEHL8T,4
2020-01-24,frind@aol.com,39859,T5T1LODMNEES,1
2020-01-24,frind@aol.com,39859,HNQFFYHB6T2J,1
2020-01-24,stru@yahoo.com,27728,ONNVQE6OVO1P,1
2020-01-24,stru@yahoo.com,27728,N9RWW06XAOV5,2
2020-01-24,stru@yahoo.com,27728,4ITKRXAT1ELB,1
2020-01-24,pre@outlook.com,34677,TSAFFYENBZMH,1
2020-01-24,pre@outlook.com,34677,9U5T03NLHAZA,2
2020-01-24,sliump@icloud.com,18643,CAUA2MD4PG1L,1
2020-01-24,jang@inbox.com,02232,5IK2OJ39KEBW,2
2020-01-24,sleo@live.com,31670,SJTIH01HRE8M,1
2020-01-25,yauv@msn.com,15636,F34SBYW3FYGO,1
2020-01-25,yauv@msn.com,15636,TXUIGZU0176C,1
2020-01-25,yauv@msn.com,15636,QM6LCDLMAXFX,1
2020-01-25,yauv@msn.com,15636,GLCXJL5YI5VR,1
2020-01-25,sta@gmail.com,70641,TAZCBZVXV5TH,1
2020-01-25,sta@gmail.com,70641,IQ0SPBXQLOG8,1
2020-01-25,rio@yahoo.com,09814,YZDE0G76IDKG,1
2020-01-25,rio@yahoo.com,09814,5KU6GGSP2YC7,1
2020-01-25,swae@yahoo.com,98353,915KKWOGA2G1,2
2020-01-26,snauft@gmail.com,68231,V6G7AQUTR63A,1
2020-01-26,snauft@gmail.com,68231,KHAU2Y4KUU4J,4
2020-01-26,wung@aol.com,15924,G82U0OQFLOCW,1
2020-01-26,wung@aol.com,15924,TSSIT8NK2AWZ,1
2020-01-26,wung@aol.com,15924,FEW5I69HNB9P,2
2020-01-26,prich@hotmail.com,47225,OC2VTFAU3K2D,1
2020-01-26,trish@gmail.com,38892,HK25VFAAJUB2,4
2020-01-26,blap@aol.com,91100,97VVZ72DH3W5,1
2020-01-26,blap@aol.com,91100,C7RAI7126M6T,2
2020-01-26,blap@aol.com,91100,KOLDO55W4SLM,1
2020-01-26,hiub@msn.com,08957,4G7VEKV4AN2P,1
2020-01-26,sniy@icloud.com,52222,KK7QS5CEOY1F,1
2020-01-26,sniy@icloud.com,52222,YXP7ECGNQJWI,1
2020-01-26,glea@live.com,35134,OGA99SMZKKT5,1
2020-01-26,glea@live.com,35134,XGAV1MUQQC6U,2
2020-01-26,fraoz@hotmail.com,83522,6T1E2X1582AZ,1
2020-01-26,flao@aol.com,49898,5TD4QQ5DR27F,4
2020-01-26,shoib@yahoo.com,35196,ZS1BDYKMFPJC,2
2020-01-27,yoi@gmail.com,42301,DILZL275UIEZ,2
2020-01-27,yoi@gmail.com,42301,4901UUWUO9LJ,1
2020-01-27,smid@gmail.com,20012,GRBPZMR4MFTS,3
2020-01-27,prei@live.com,45225,6C5STV4SZQUT,4
2020-01-27,ryz@msn.com,43958,ORNAYX98E81E,1
2020-01-27,ript@yahoo.com,68396,COVXHFQ5BPWX,2
2020-01-27,gaoh@aol.com,72807,6VYQBTW89729,1
2020-01-27,stisk@gmail.com,78759,GNU7XPZ1CYJR,2
2020-01-28,smi@mail.com,84862,YIZVFKA1W01N,2
2020-01-28,gle@yahoo.com,57181,XMMIVHQ8ZJZW,3
2020-01-28,trymp@outlook.com,94057,JOHG1JPDF5G8,2
2020-01-28,led@msn.com,13622,B5OBIMLY3BEC,1
2020-01-28,yuink@gmail.com,76326,XCDAPXPFU23A,1
2020-01-28,yuink@gmail.com,76326,N5MP3AAPJUO0,1
2020-01-29,bak@hotmail.com,83726,ECUTWAKTVHAC,1
2020-01-29,bak@hotmail.com,83726,H4B62HNEYRBJ,1
2020-01-29,pluib@yahoo.com,98353,TXPY6X7GWN62,1
2020-01-29,drai@gmail.com,08806,36SEM3VRMO94,2
2020-01-29,drai@gmail.com,08806,TY8XLP1SE1FF,2
2020-01-29,pri@gmail.com,13272,6LFOPYCCMYSA,1
2020-01-30,chei@aol.com,38427,BDNYSZ5NCEOD,1
2020-01-30,prei@hotmail.com,09517,EJLAD8RSKMDI,3
2020-01-30,pree@mail.com,54998,OE1ZV92KQ16J,3
2020-01-30,stri@inbox.com,77893,0TIP6HNIIENZ,2
2020-01-30,stri@inbox.com,77893,BRQVX9U1DQYN,1
2020-01-30,ria@msn.com,43244,F6NO17I2JSEY,1
2020-01-30,ria@msn.com,43244,FEGMDTAL0YU0,1
2020-01-30,ria@msn.com,43244,DCGJ0WFC6TEI,1
2020-01-30,teok@outlook.com,14759,AY9H1NZ5XYK2,1
2020-01-30,teok@outlook.com,14759,LG2WU0KX7W63,3
2020-01-30,grank@gmail.com,54306,VYL4XCD5H734,2
2020-01-30,grank@gmail.com,54306,S399LQIDZF8O,1
2020-01-31,clue@outlook.com,70641,8XDLFXLZQZAU,1
2020-01-31,clue@outlook.com,70641,4GNFMWR6XF9R,1
2020-01-31,glyr@yahoo.com,94636,QQEZY51Q4FC1,2
2020-01-31,glyr@yahoo.com,94636,182UELCN784N,2
2020-01-31,glyr@yahoo.com,94636,Q6A4BNYFC00D,1
2020-01-31,glyr@yahoo.com,94636,CYRH7QS8IUBX,1
2020-02-01,jio@gmail.com,43889,VHECDWSVT5SG,1
2020-02-01,swu@hotmail.com,04883,G29C7D8N6E4B,3
2020-02-01,swu@hotmail.com,04883,L39VO0ISI3LW,2
2020-02-01,voof@hotmail.com,20170,V8HI14C8I00J,1
2020-02-01,voof@hotmail.com,20170,V7IXT9OW0LEV,1
2020-02-01,voof@hotmail.com,20170,G9IG46OL4PJQ,1
2020-02-01,croft@yahoo.com,68168,PARC1BS063H0,1
2020-02-01,croft@yahoo.com,68168,RUMKUVBOITIP,2
2020-02-02,de@live.com,54471,1XOMXZRCSH75,2
2020-02-02,de@live.com,54471,D4SSUEU6P1KP,1
2020-02-02,tuand@gmail.com,35306,6M9K7IG84TOT,1
2020-02-02,spiu@yahoo.com,47776,55JEHW2USXW2,1
2020-02-02,spiu@yahoo.com,47776,Z0IULB8Y53WD,1
2020-02-02,frou@inbox.com,32173,IC3V62519PRS,1
2020-02-02,shess@msn.com,35196,64KT4MT3VPXJ,1
2020-02-02,shess@msn.com,35196,BYSBC1MQNVEW,2
2020-02-03,tech@gmail.com,99458,NJXTEIKCWREN,6
2020-02-03,tech@gmail.com,99458,06MQJMJBY49N,4
2020-02-03,croank@aol.com,85399,1S775L57EIMM,1
2020-02-03,croank@aol.com,85399,7A2YEWCKY4V0,1
2020-02-03,croank@aol.com,85399,OGF2QX767AOS,3
2020-02-03,croank@aol.com,85399,K3YGDAMMQ8VS,1
2020-02-03,skea@outlook.com,28438,FMMID26GGM3A,3
2020-02-03,skea@outlook.com,28438,2D114EB78TW0,3
2020-02-03,raoy@gmail.com,59140,11EM77MSUQS0,2
2020-02-03,raoy@gmail.com,59140,JWHH295AINC5,7
2020-02-03,raoy@gmail.com,59140,3GPNSUQVFQH5,1
2020-02-03,raoy@gmail.com,59140,DOH3ASJNCV9O,1
2020-02-03,raoy@gmail.com,59140,IF2J1V49UXWX,1
2020-02-04,priunk@hotmail.com,07593,ORS7FGRFSVYB,1
2020-02-04,grai@aol.com,27194,5D57MNMAVBVQ,1
2020-02-04,grai@aol.com,27194,HDI8SK221OYP,4
2020-02-04,grai@aol.com,27194,IW3BGEUSXLL1,1
2020-02-04,gluich@icloud.com,57414,6HWNDDX9A35J,5
2020-02-04,gluich@icloud.com,57414,OH9CD5W75A20,1
2020-02-04,cran@gmail.com,10467,YB0SA114GP3K,1
2020-02-04,cran@gmail.com,10467,9WEENTCWJKU7,1
2020-02-04,cran@gmail.com,10467,5BLLCEL81POE,1
2020-02-05,plai@yahoo.com,99458,YKOC1VVFECWU,3
2020-02-05,plai@yahoo.com,99458,V4FN5O3KON0A,1
2020-02-05,plai@yahoo.com,99458,HBBRCW51IUBJ,1
2020-02-05,plai@yahoo.com,99458,A3XQWF11QWIG,2
2020-02-05,plai@yahoo.com,99458,DBEJ0IYIC436,1
2020-02-05,bro@gmail.com,08806,EIYX1DMBSCNK,2
2020-02-05,neft@yahoo.com,64509,Y76JMGTKY3O1,1
2020-02-05,neft@yahoo.com,64509,WCTQE5WKR7R8,1
2020-02-05,neft@yahoo.com,64509,NOZHS37FTN8D,1
2020-02-05,vyp@msn.com,94554,6HNSKSAMVNQF,1
2020-02-06,struo@yahoo.com,70110,DOVPH1I9Z6IW,1
2020-02-06,struo@yahoo.com,70110,SVN02UWTB04W,2
2020-02-06,shoe@gmail.com,08806,7MJLG5ODG7YT,1
2020-02-06,benk@gmail.com,43002,3P55ZDLCE10T,2
2020-02-06,benk@gmail.com,43002,9JNYEGATUGF5,3
2020-02-06,benk@gmail.com,43002,VKQ6RS667TXI,5
2020-02-07,bant@gmail.com,35134,S1IGAO9U76MT,2
2020-02-07,bant@gmail.com,35134,9XO55DIOR9M5,1
2020-02-07,bant@gmail.com,35134,3V243PPSQ5BA,3
2020-02-07,sheass@yahoo.com,03252,U2V022BO2YKR,1
2020-02-07,gie@msn.com,23525,H5HETFD5X7KN,3
2020-02-07,brik@hotmail.com,49966,OZZATUYPCKI7,2
2020-02-07,brik@hotmail.com,49966,32U73OLDBDK9,4
2020-02-07,brik@hotmail.com,49966,W251VUJRKPQX,3
2020-02-07,brik@hotmail.com,49966,U7F0GIY5Z4OS,2
2020-02-07,friuft@outlook.com,85513,ZAMT50IZIWK4,2
2020-02-07,friuft@outlook.com,85513,BAAEMLFA5KL9,1
2020-02-08,criuw@gmail.com,97755,DXO7HGBHP55K,1
2020-02-08,brub@hotmail.com,63583,IIB6QGHMZJXG,2
2020-02-08,praor@gmail.com,21288,AMQC0R1DE241,2
2020-02-08,nuonk@outlook.com,77103,DRQFX8IY0KNU,1
2020-02-08,fest@yahoo.com,95264,51PE4ROPYPV7,2
2020-02-08,fest@yahoo.com,95264,T3IMYXJXE5LQ,1
2020-02-08,zeu@mail.com,05742,WVAVGHH3424B,1
2020-02-08,kaist@icloud.com,24645,PIPAXZNUO8XT,1
2020-02-09,cluest@yahoo.com,42638,GCH2DPIBQ85S,1
2020-02-09,cluest@yahoo.com,42638,L8CVGW8UWNR7,3
2020-02-09,cluest@yahoo.com,42638,RVD23XRBCADU,1
2020-02-09,bol@gmail.com,23165,HNIG43R1NXYN,1
2020-02-09,bol@gmail.com,23165,GKFPUW06IQOT,3
2020-02-09,snund@gmail.com,72792,4B2DGC72LU64,1
2020-02-09,snund@gmail.com,72792,OZY6T80KDLLK,1
2020-02-09,snund@gmail.com,72792,W4BDJPZL20B2,2
2020-02-09,snund@gmail.com,72792,VV7U16L66ZH8,1
2020-02-09,fri@hotmail.com,18015,2TK79UMW5BAL,1
2020-02-09,moist@yahoo.com,76754,WO7DZG3E2HOI,2
2020-02-09,moist@yahoo.com,76754,9FBR67N4QEBL,1
2020-02-10,drisk@hotmail.com,05763,TMP6TTASGJ5B,2
2020-02-10,bruent@hotmail.com,90357,9SDN527VNCHF,1
2020-02-10,bruent@hotmail.com,90357,PMC89RGZXVDR,1
2020-02-10,bruent@hotmail.com,90357,OJF0CEJ0YCU2,2
2020-02-10,lue@yahoo.com,85694,6WBZZL0LYX6L,1
2020-02-10,pryst@msn.com,38427,WYHQIKCZKD0J,1
2020-02-10,liob@icloud.com,65240,TYNVBE37Z8RY,2
2020-02-10,trig@live.com,25477,0DTGBI3JY4PJ,1
2020-02-10,vaind@hotmail.com,47908,H03XPVRZ6TEB,2
2020-02-10,vaind@hotmail.com,47908,SCQSI4KJ5FBV,2
2020-02-10,vaind@hotmail.com,47908,RMNWKIIYR1F1,2
2020-02-11,blov@yahoo.com,01914,84PCD75L2MG7,1
2020-02-11,blov@yahoo.com,01914,JVO0T4HACTH5,1
2020-02-11,blov@yahoo.com,01914,PTU6VBF5NIBU,1
2020-02-11,ruank@gmail.com,79356,0DIUDMEIQE4C,1
2020-02-11,ruank@gmail.com,79356,O9WZG2W5FZ11,1
2020-02-11,sluok@inbox.com,19394,89DRSI5X6NQJ,1
2020-02-11,gla@yahoo.com,25439,KIJANQHRBJ9X,1
2020-02-11,gla@yahoo.com,25439,EOJ9WLMD1FR3,1
2020-02-11,gla@yahoo.com,25439,PN9D3X0UM9XW,2
2020-02-11,gla@yahoo.com,25439,A2147ZJ3EJDM,2
2020-02-11,gla@yahoo.com,25439,5LR2PTSNORZH,1
2020-02-12,tav@yahoo.com,73293,D91LI88648E6,1
2020-02-12,dro@gmail.com,77789,2Q95OX6HFVG7,2
2020-02-12,ziu@aol.com,78421,ORL529OFGGID,5
2020-02-12,ziu@aol.com,78421,4622U9QRO2AH,1
2020-02-12,skiek@yahoo.com,02726,59USGOVQQRLR,1
2020-02-12,skiek@yahoo.com,02726,5X34GY8F5FVS,1
2020-02-12,clich@yahoo.com,92613,WBFAOFFJBPUJ,1
2020-02-13,bien@yahoo.com,27945,DB52PJMKFIZE,3
2020-02-13,priss@hotmail.com,22708,V2YIOHJFIR4A,2
2020-02-13,struip@live.com,14486,1WPCFROIBNDO,1
2020-02-13,struip@live.com,14486,N9K39YM8XN8E,3
2020-02-13,kub@live.com,54892,CY4JNEY6RJD5,1
2020-02-13,kub@live.com,54892,C8GCVBAC0TPB,1
2020-02-14,dooct@hotmail.com,18009,RNCJET56G8UN,1
2020-02-14,sliusk@hotmail.com,54998,379GINQMDHRL,1
2020-02-14,to@live.com,15924,O9G40C0XTFX2,1
2020-02-14,plyss@gmail.com,68288,RDFVFKTRCIN6,3
2020-02-14,plyss@gmail.com,68288,JJ0GLZDAR20X,2
2020-02-14,plyss@gmail.com,68288,0V2ED8G13RQ9,1
2020-02-14,plyss@gmail.com,68288,Z8S59OQRKDOS,1
2020-02-14,glyr@yahoo.com,94636,KR0BOKO1GY7B,1
2020-02-14,glyr@yahoo.com,94636,QSAHQ8UG3I89,1
2020-02-14,noank@live.com,33818,30P5VYXLCPM9,1
2020-02-14,slyh@icloud.com,67020,8ST2SUY9GS6G,2
2020-02-14,slyh@icloud.com,67020,15VRIXQKCU3O,3
2020-02-15,plou@inbox.com,62477,80O4U2DT0M97,1
2020-02-15,smyp@yahoo.com,77397,RKLCVMPX3L9X,2
2020-02-15,geonk@hotmail.com,08156,YZPK7V7BZDVT,3
2020-02-15,creaft@outlook.com,29575,8D2M3MW40DTF,3
2020-02-15,ness@aol.com,51196,X8JDEBOT9ACG,1
2020-02-16,bui@gmail.com,13812,X8WBHIGHK56H,1
2020-02-16,bui@gmail.com,13812,MBG4L7DVP2G6,1
2020-02-17,plimp@gmail.com,45256,8ATCCB4UW47Y,1
2020-02-17,plimp@gmail.com,45256,MHXHLP3YSCUI,1
2020-02-17,plimp@gmail.com,45256,9QQLF41BT8B0,1
2020-02-17,plimp@gmail.com,45256,6ECECIFYUETX,1
2020-02-17,plimp@gmail.com,45256,E6UVRGPJNL8J,1
2020-02-17,pref@msn.com,37476,SN82RJ7JNXWX,1
2020-02-17,pref@msn.com,37476,FO3RQD63O5OT,2
2020-02-17,dond@aol.com,89896,GRDF6KW4OOQ6,1
2020-02-18,loo@aol.com,13537,1SRKQCY44FH0,2
2020-02-18,loo@aol.com,13537,AQMKWYZZA18Z,1
2020-02-18,pliss@live.com,19394,2K9HSL8JRNZP,1
2020-02-18,skar@hotmail.com,75524,A9WMVVVVCJP1,1
2020-02-18,sho@aol.com,58300,HQWPRVINZXQ8,2
2020-02-18,youy@hotmail.com,40232,OXXZYNWKGFW6,1
2020-02-18,youy@hotmail.com,40232,CMJJP7GQ1ZUJ,3
2020-02-18,youy@hotmail.com,40232,BZ3HVOIQLCCO,1
2020-02-18,youy@hotmail.com,40232,WXMX1DX6BCK0,2
2020-02-18,youy@hotmail.com,40232,3JRVYWWM49L5,1
2020-02-19,fla@live.com,29575,D5DM3HRKHXER,1
2020-02-19,fla@live.com,29575,S42XZZPOV3G8,2
2020-02-19,fla@live.com,29575,ME1TWL70R6AT,2
2020-02-19,fla@live.com,29575,ZMUB0VPZIGA3,1
2020-02-19,fla@live.com,29575,NRPNNYQXMIED,1
2020-02-19,ving@aol.com,20450,KZXZ3YB3GI6I,1
2020-02-19,ving@aol.com,20450,MX1JAJLUFN5I,1
2020-02-19,dom@aol.com,55959,WVJA2QHDZ0SG,3
2020-02-19,dom@aol.com,55959,8BYEEH90V3NR,1
2020-02-20,kae@msn.com,59978,RM9F5BE56JTB,3
2020-02-20,kae@msn.com,59978,2YJIG2Z9H84A,2
2020-02-20,cri@live.com,91100,OO95JHS618UD,3
2020-02-20,pymp@inbox.com,93472,2ZKX3XCGWTZI,1
2020-02-20,pymp@inbox.com,93472,SCQSI4KJ5FBV,1
2020-02-20,diopt@inbox.com,74784,OIRHQU8GENRE,1
2020-02-20,sno@gmail.com,31670,E11KNG7HIPQ7,1
2020-02-20,waet@gmail.com,94057,7ELZCXFUYVO8,3
2020-02-20,waet@gmail.com,94057,MFAFB4L2AEWA,1
2020-02-21,fro@msn.com,90466,BWMABEKIARV3,4
2020-02-21,fro@msn.com,90466,6CGA82X3Q45G,2
2020-02-21,fro@yahoo.com,49426,6V9HD55R87MF,1
2020-02-21,brech@aol.com,52245,Q36U3JCVR2DJ,2
2020-02-21,brech@aol.com,52245,WSM6EGA912CS,2
2020-02-21,brech@aol.com,52245,6F7SISURV313,3
2020-02-21,brech@aol.com,52245,IPOC4ASER2KP,2
2020-02-21,brech@aol.com,52245,7P1RMQ4X4VDC,2
2020-02-21,jyng@gmail.com,70348,H8FRG39BSNCR,1
2020-02-21,jyng@gmail.com,70348,IGO3YRI7ZZG6,2
2020-02-21,puam@gmail.com,29707,PWK01RZ22OWA,1
2020-02-21,puam@gmail.com,29707,4NWLWR57S7RJ,4
2020-02-22,siuct@aol.com,29851,CIX3WW7TRT46,2
2020-02-22,sne@gmail.com,61692,W5ITR9SU4PS7,1
2020-02-22,sne@gmail.com,61692,F3EZ6C25JM4M,2
2020-02-22,sne@gmail.com,61692,V7D5V6V6MD8C,1
2020-02-22,cru@aol.com,87650,AX5IKCUBHOWX,1
2020-02-22,ba@hotmail.com,09139,N45QJTV6SC3V,4
2020-02-22,freoch@live.com,18392,B150O69AX2XS,1
2020-02-22,freoch@live.com,18392,MI9HKNH5LGXM,1
2020-02-22,freoch@live.com,18392,4V5H3BZSQMS6,2
2020-02-23,piuw@yahoo.com,51259,Z0C9NT2SUWQE,1
2020-02-23,piuw@yahoo.com,51259,SK5L5R62BKOZ,3
2020-02-23,fouw@gmail.com,70527,0DNLDBX9D5H3,1
2020-02-23,fouw@gmail.com,70527,6V2PMJMSZMSY,1
2020-02-23,fouw@gmail.com,70527,BAMNIIAYO7BF,1
2020-02-23,wy@inbox.com,92331,PW95YGMAY3CN,2
2020-02-23,chach@aol.com,83726,MU5RZA3QNYXS,1
2020-02-24,spienk@yahoo.com,63790,EN4QJBUBEXGZ,1
2020-02-24,waoy@msn.com,58987,KO77SVUQEPF1,1
2020-02-24,fyl@msn.com,31161,HO48SX379T9E,1
2020-02-24,joa@gmail.com,95264,60MTTRLJ29HQ,2
2020-02-24,mau@gmail.com,64030,5L865GI9L7EF,2
2020-02-24,ske@aol.com,87845,YOHVVRHTFW63,1
2020-02-24,spiut@yahoo.com,45916,FP167S661UZN,2
2020-02-24,dea@gmail.com,09139,E05GAGLTROLL,1
2020-02-24,dea@gmail.com,09139,YEU4N5JPDRJW,1
2020-02-24,dea@gmail.com,09139,4MZ5V0BT8ALU,1
2020-02-25,glionk@aol.com,72847,BF2Z6SGT1L10,2
2020-02-25,glionk@aol.com,72847,3BVA56PHVC4L,1
2020-02-25,glionk@aol.com,72847,0T0EKTUDI4QI,1
2020-02-25,hoeh@yahoo.com,10467,7S3G75ZA8HIU,1
2020-02-25,diusk@hotmail.com,58568,AA3FPLO8869F,2
2020-02-25,myn@inbox.com,90357,M8WDI4HELUVH,1
2020-02-25,myn@inbox.com,90357,SJR981ZSJFIM,1
2020-02-26,flint@live.com,38830,T43ZK03ACMRF,1
2020-02-26,leup@hotmail.com,13537,7XK2DLCOKN8X,1
2020-02-26,leup@hotmail.com,13537,D1GFDUVRISXC,1
2020-02-26,leup@hotmail.com,13537,P4PGKXCFI8J0,2
2020-02-26,yea@icloud.com,77912,LP6SW6ADE1LA,2
2020-02-26,ji@outlook.com,34506,1LQCMBYXK2OG,2
2020-02-26,ji@outlook.com,34506,5A77WACFUFLJ,1
2020-02-26,ji@outlook.com,34506,8HM71Z8A2Q9V,2
2020-02-27,gloz@gmail.com,01960,4G7WX8LG3X39,3
2020-02-27,ziuh@live.com,06464,ZXI0V1WUP2AC,1
2020-02-28,croe@hotmail.com,93556,M4YYI64L3RWL,1
2020-02-28,snooh@outlook.com,13622,GMTH7RIZU8JV,2
2020-02-28,cren@gmail.com,34368,BI6DRUAATINX,1
2020-02-28,cren@gmail.com,34368,HWZVZPHA74H1,1
2020-02-28,taz@yahoo.com,87883,PY4GU1UL7P4Q,1
2020-02-28,taz@yahoo.com,87883,TNJTRK2ZN0Q1,2
2020-02-28,tran@msn.com,58568,VGHKPQO0IUEB,1
2020-02-28,tran@msn.com,58568,QY7XNXJYRFJH,1
2020-02-29,treek@live.com,68911,GLCXJL5YI5VR,1
2020-02-29,treek@live.com,68911,TO8TYD43FM4R,2
2020-02-29,treek@live.com,68911,DZHM2XAKBUBW,4
2020-02-29,ge@yahoo.com,79356,M708RAIKR66U,1
2020-02-29,groa@aol.com,08081,0AHRCQO4PW6H,1
2020-02-29,groa@aol.com,08081,KQLLIASUMUEP,2
2020-03-01,shyft@yahoo.com,02010,AXM3RO3PRFF0,1
2020-03-01,ze@yahoo.com,06464,1J5RWTYPTZPR,3
2020-03-01,ze@yahoo.com,06464,5QOJVKD1JI8C,3
2020-03-01,sno@msn.com,25477,4G7VEKV4AN2P,1
2020-03-02,seet@msn.com,24553,FEGMDTAL0YU0,1
2020-03-02,bloasp@aol.com,22708,TWI0XDAL2ZBN,1
2020-03-02,bloasp@aol.com,22708,AHCHNN8ZD6P7,1
2020-03-02,kee@live.com,24779,TJY4HJT713TQ,1
2020-03-02,kee@live.com,24779,IASUZFGKAVI9,1
2020-03-02,blui@gmail.com,22320,URGMXQRNRAMT,3
2020-03-03,skeet@aol.com,40807,WKELQ62TDBAY,1
2020-03-03,peab@hotmail.com,90639,5ANWZ0SW33MT,1
2020-03-03,peab@hotmail.com,90639,6X1K8JRERJBX,2
2020-03-03,fla@aol.com,85655,JWRHTYELRIH2,1
2020-03-03,fla@aol.com,85655,N8W414DURIDR,3
2020-03-03,muo@gmail.com,47225,A4V4J47VUWMM,2
2020-03-03,muo@gmail.com,47225,L2T97PRJS6QI,3
2020-03-03,wiect@icloud.com,46105,L4B4IRH1WMU7,2
2020-03-03,haet@inbox.com,02158,JLATXP4QKL7O,1
2020-03-03,stul@gmail.com,14354,8C7U18GO8O6L,2
2020-03-03,stul@gmail.com,14354,P4DLIW0CO02R,1
2020-03-03,gry@icloud.com,63680,9M4KIXPAPS3G,3
2020-03-03,gluh@gmail.com,78719,B3JYP7IXCDLA,2
2020-03-04,tuez@outlook.com,52222,BAFL2GFRQ4UQ,3
2020-03-04,tuez@outlook.com,52222,480U8VNU993C,1
2020-03-04,mi@aol.com,70641,A42GF6VFGVQG,1
2020-03-04,swiump@yahoo.com,18643,ECSZ19NBHPMX,1
2020-03-04,swiump@yahoo.com,18643,373CPJFTI0MD,1
2020-03-04,swiump@yahoo.com,18643,6XN834U8WB03,1
2020-03-04,bra@yahoo.com,68911,O1QE19ITI7NV,1
2020-03-05,swu@yahoo.com,20712,J1HRDQPXJ17O,1
2020-03-05,swu@yahoo.com,20712,TZMR3GIX1GHY,1
2020-03-05,baund@gmail.com,50899,LQU7U8E6CVWJ,3
2020-03-05,smai@yahoo.com,12861,H559TRUAFYU8,2
2020-03-05,snoi@gmail.com,98873,36LMUN3IY3UM,2
2020-03-05,snoi@gmail.com,98873,NMIXV19MBBV6,1
2020-03-05,snoi@gmail.com,98873,VF6BU1ZN3Z1O,1
2020-03-05,snoi@gmail.com,98873,TSQ3SNCLMOMX,1
2020-03-06,glu@gmail.com,38470,MNPN4NPH94RG,1
2020-03-06,smynd@gmail.com,49966,BCLZQHZP7SRP,1
2020-03-06,smynd@gmail.com,49966,Z8DK4WEK8RIJ,2
2020-03-06,shaft@inbox.com,32669,J7FKAMULS48A,1
2020-03-06,shaft@inbox.com,32669,SY5CD5CMURYV,1
2020-03-06,floa@gmail.com,49966,JUDRUDAI8LTH,2
2020-03-06,floa@gmail.com,49966,DQK23TMKJS8T,3
2020-03-06,floa@gmail.com,49966,WUPKKFGN1DFG,1
2020-03-06,floa@gmail.com,49966,MXRN8MZN647H,4
2020-03-06,floa@gmail.com,49966,R5ZCYZB4D7NW,3
2020-03-07,friu@hotmail.com,45225,OXJZ00JS4Y8M,2
2020-03-07,jyb@outlook.com,38743,JI6OXAZFMBHG,1
2020-03-07,fli@yahoo.com,73996,ABQ76GKPA6R5,2
2020-03-07,fli@yahoo.com,73996,NXFHTUW755DB,2
2020-03-07,slyl@aol.com,08156,1J73WXFCOGDA,2
2020-03-07,slyl@aol.com,08156,0D0NFZGTPNKU,4
2020-03-07,slyl@aol.com,08156,W4BDJPZL20B2,4
2020-03-07,spui@msn.com,04883,E678J9H8D3A3,3
2020-03-07,plaink@live.com,92613,JPXD8YBDW971,1
2020-03-07,gla@yahoo.com,25439,8VKB9QCF001Y,4
2020-03-07,gla@yahoo.com,25439,XN83B95GYANQ,1
2020-03-08,flash@yahoo.com,05393,WTR9QWDVT0CL,2
2020-03-08,flash@yahoo.com,05393,KTA5C42CDPON,1
2020-03-08,flash@yahoo.com,05393,K4XJPGAJG1IB,4
2020-03-08,swept@icloud.com,81848,VBHXJO4M6GAA,3
2020-03-08,toa@inbox.com,15237,6LIQHGEWEQCR,1
2020-03-08,toa@inbox.com,15237,40065P2Z6U5Z,2
2020-03-08,toa@inbox.com,15237,0LBRGMJ0GVP2,3
2020-03-08,neuh@gmail.com,02010,2QCUGUK9F1LC,1
2020-03-08,neuh@gmail.com,02010,1O24AK6MPWYP,2
2020-03-08,reu@gmail.com,72683,3VVSMELL2QB0,1
2020-03-09,stect@outlook.com,48274,GPAHZUEHA684,3
2020-03-09,weank@yahoo.com,85956,I4VPUOFJ2TQH,1
2020-03-09,weank@yahoo.com,85956,236IJWWYH53F,1
2020-03-09,blou@inbox.com,10636,DXUTEFXY4EAF,2
2020-03-09,cleap@msn.com,26207,2FOBO01EFEMS,1
2020-03-09,swoo@gmail.com,05240,6YTL18M4LEU6,1
2020-03-09,criust@yahoo.com,29179,QPSJV63697FL,1
2020-03-10,fiump@hotmail.com,18009,QRLHHM087925,1
2020-03-10,nauch@yahoo.com,93472,3G1IZSY7TRXJ,2
2020-03-10,nauch@yahoo.com,93472,RJAW7YC4ZB1B,1
2020-03-10,nauch@yahoo.com,93472,OCJL2PETJ5MC,1
2020-03-10,prae@yahoo.com,54471,SK4DFZXL85UP,1
2020-03-10,prae@yahoo.com,54471,LFAC6YU2WK7M,2
2020-03-10,treu@msn.com,29629,8D2M3MW40DTF,1
2020-03-10,pea@yahoo.com,60875,QQZBMI67Y4MO,1
2020-03-11,breoss@gmail.com,81848,PMB56OHJ0DQ5,2
2020-03-11,breoss@gmail.com,81848,I34XWN6KH524,1
2020-03-11,wit@hotmail.com,80009,VQS46H7S8SH8,1
2020-03-11,skee@mail.com,30277,W5ITR9SU4PS7,2
2020-03-11,skee@mail.com,30277,PDPBAUPIHTZ5,4
2020-03-11,skee@mail.com,30277,I6JDJT7UDR5N,2
2020-03-11,greo@hotmail.com,38470,U7NMZTRBX9U0,1
2020-03-11,greo@hotmail.com,38470,UDISV1LQBXLM,1
2020-03-11,beosp@msn.com,27707,SLFKI96TX6NP,1
2020-03-11,fraund@msn.com,18392,VHHTKQ4SJABV,2
2020-03-11,gaa@inbox.com,16242,PZTCM7RPF4WP,1
2020-03-11,gaa@inbox.com,16242,DYV320OZTL3C,1
2020-03-11,blu@mail.com,79814,157NMEBNJKQX,3
2020-03-11,diuz@outlook.com,16230,CKF013RP28K1,1
2020-03-11,bruasp@msn.com,46092,KIL7B42Z5APN,1
2020-03-11,bruasp@msn.com,46092,HR2383L05PKS,1
2020-03-12,strend@mail.com,21288,BGEVOZPNW7K9,2
2020-03-12,hy@outlook.com,72683,WGKDAZYA1RK2,2
2020-03-12,greeh@gmail.com,49424,UQAIANTWEBF0,1
2020-03-12,greeh@gmail.com,49424,ZSVKH5B4DEXG,2
2020-03-12,hant@gmail.com,75486,5EMHWELC8BU3,1
2020-03-13,loar@yahoo.com,71077,KA700TE0EBMH,2
2020-03-13,loar@yahoo.com,71077,860YE3366YP8,2
2020-03-13,fra@hotmail.com,38427,PPSGICKINYK7,1
2020-03-13,sma@yahoo.com,56299,RM27ZTST09FR,2
2020-03-13,sma@yahoo.com,56299,HK2YJ5R4KFTN,4
2020-03-13,chaom@gmail.com,23242,9M1E6FX7QETS,2
2020-03-13,chaom@gmail.com,23242,SLII1H8LTZVX,5
2020-03-13,frui@live.com,15669,QQRSPNA1SL88,2
2020-03-13,frui@live.com,15669,OTD6ZUR5VTZ0,3
2020-03-13,frui@live.com,15669,BS70Q98P7O21,1
2020-03-13,frui@live.com,15669,ZR1PZGDFA7OE,6
2020-03-13,cruad@gmail.com,22708,6OJD2W7TWLHX,1
2020-03-13,cruad@gmail.com,22708,7UCL5I473HQX,1
2020-03-13,cruad@gmail.com,22708,G82FH4AYL5DH,1
2020-03-13,fleow@gmail.com,39905,DOV1749BRGRQ,1
2020-03-13,fleow@gmail.com,39905,1GVC3OIMJR81,2
2020-03-13,baink@icloud.com,15237,KR4ISVE7N362,1
2020-03-13,shoosp@gmail.com,95251,AAPIV1CNNHCA,1
2020-03-13,shoosp@gmail.com,95251,OAYCWJ29SF0Q,2
2020-03-13,shoosp@gmail.com,95251,LSE9Q7BBX77K,1
2020-03-14,feug@outlook.com,46429,U5I60O9MHI5E,1
2020-03-14,fraen@yahoo.com,61088,IRFPO31KRLJO,1
2020-03-14,sneept@hotmail.com,49426,ZIA7U8YOIRJF,1
2020-03-14,sneept@hotmail.com,49426,7WOEQDFMB7X7,2
2020-03-14,cran@gmail.com,10467,597YJHUCH513,1
2020-03-14,cran@gmail.com,10467,ZC2NOYFIAFDT,2
2020-03-14,cran@gmail.com,10467,L7DEQ3RW7V4L,3
2020-03-14,skuiv@inbox.com,63583,VFHQOWUYDRII,2
2020-03-14,skuiv@inbox.com,63583,QLEGE20TIZQS,2
2020-03-14,veg@gmail.com,47346,EWBV7NB68D6E,1
2020-03-14,veg@gmail.com,47346,L3LS4537X2HP,1
2020-03-14,tab@gmail.com,85690,KOI6HRGJEQPT,2
2020-03-14,tab@gmail.com,85690,4E0C9MPW91UH,3
2020-03-14,tab@gmail.com,85690,J7LDEC8DY5U1,1
2020-03-14,tab@gmail.com,85690,9WWABFYC892T,1
2020-03-15,ziod@gmail.com,69742,7AKSPJSIY2LX,2
2020-03-15,blang@icloud.com,86650,VT63RSAVL5TM,4
2020-03-15,blang@icloud.com,86650,JCCKCYA6WM4M,2
2020-03-15,blang@icloud.com,86650,21OTI811GIY6,1
2020-03-15,cryr@msn.com,53602,159T91TWUP47,3
2020-03-15,cryr@msn.com,53602,AW6A8TUZDC2X,3
2020-03-15,braupt@gmail.com,77905,97TE0LBTBGFP,1
2020-03-16,tast@yahoo.com,22708,OYUJ2KNA8B0P,1
2020-03-16,pro@hotmail.com,46323,0KLO03XC2769,1
2020-03-16,swy@yahoo.com,53602,0JW8DDIRJC5V,2
2020-03-16,gliu@hotmail.com,42227,15RYZUBRS9EC,1
2020-03-16,smun@live.com,34506,8LO5DFPO6BQO,2
2020-03-16,cra@live.com,43244,0PVVOL3UYT6M,1
2020-03-17,wu@mail.com,03252,BAEP00X0E8J3,3
2020-03-17,wu@mail.com,03252,WZ6UX0XBFJPU,1
2020-03-17,wu@mail.com,03252,P8E6KW4DMVBB,1
2020-03-17,skou@gmail.com,38470,0GDRF48KIA0C,3
2020-03-17,drea@gmail.com,70348,KMQNTQ55678R,3
2020-03-17,drea@gmail.com,70348,KPSL0XJ4D3F0,1
2020-03-17,lo@live.com,09517,A8IU6TIBSYEL,2
2020-03-17,glaf@outlook.com,82170,C8TXL6M5AX83,1
2020-03-17,suab@outlook.com,24700,3UZEX5EBWFAJ,5
2020-03-17,shioz@yahoo.com,34506,660HKXFSODPT,3
2020-03-17,slao@icloud.com,84862,5K19HMZ7KOZX,1
2020-03-17,slao@icloud.com,84862,ROM45PT1VY6U,1
2020-03-17,pleih@aol.com,87650,PUBLEMZNMZ4M,2
2020-03-17,pleih@aol.com,87650,R55T3F7VYDCX,3
2020-03-17,bril@gmail.com,87098,TAVEPXWYR7CT,1
2020-03-17,ru@aol.com,47776,Z1P97C6EC597,1
2020-03-18,gra@gmail.com,73300,3RB2R0LPAQK5,3
2020-03-19,jeenk@msn.com,29851,I6SXJDRSW7L1,1
2020-03-19,jeenk@msn.com,29851,NACVH4XPSLRK,1
2020-03-19,jeenk@msn.com,29851,5AXZFDJERGN9,1
2020-03-19,jeenk@msn.com,29851,FVK4BXAIEQPF,2
2020-03-19,woev@inbox.com,50890,119M1D6DRBUN,2
2020-03-19,woev@inbox.com,50890,38FOYIP63P1S,3
2020-03-19,woev@inbox.com,50890,4KJ6B0J6ENXU,1
2020-03-19,skaih@gmail.com,13885,KFOSMMTJFFQK,1
2020-03-19,straant@yahoo.com,15064,P0N1DQ5LX80W,2
2020-03-19,straant@yahoo.com,15064,QL0OCFWXL1RA,3
2020-03-19,ska@hotmail.com,20450,P8WYGJXHMR4A,1
2020-03-19,vaunt@msn.com,02860,9RQUZGQD6AN1,1
2020-03-19,vaunt@msn.com,02860,0191F6705PBR,1
2020-03-19,vaunt@msn.com,02860,GDNAEYTC66C3,1
2020-03-19,vaunt@msn.com,02860,G4JA4SCBWH3Z,2
2020-03-19,boi@gmail.com,29228,YWUXJHN8RFAL,2
2020-03-19,boi@gmail.com,29228,VUMR9724KSBW,2
2020-03-20,stup@yahoo.com,46581,WKJHCNG4I4J9,1
2020-03-20,nue@live.com,11681,08AYPZW5JC1O,3
2020-03-20,sluiy@yahoo.com,18980,SFSMQ2UWNM4S,1
2020-03-20,hoo@gmail.com,80931,UAEKQOXT6YWN,1
2020-03-21,snue@gmail.com,08765,3F4633XCGE9W,2
2020-03-21,criust@yahoo.com,29179,S5W8U99Y1LEZ,3
2020-03-21,criust@yahoo.com,29179,YJB8KXPC01N5,1
2020-03-22,swi@yahoo.com,07799,CA7P8EXNDRI8,1
2020-03-22,bak@hotmail.com,83726,Z4OYP8RRDOT1,2
2020-03-22,duaw@mail.com,32173,ZD3UWSXCH0U4,2
2020-03-22,ply@aol.com,54892,VA5BIP3OIFGV,1
2020-03-22,ply@aol.com,54892,0KKS26QFU6CY,2
2020-03-22,ply@aol.com,54892,V78L7F58QXCU,1
2020-03-22,ply@aol.com,54892,XMA82Y25KOJB,1
2020-03-22,ply@aol.com,54892,PRCAAMVQ5WQQ,2
2020-03-22,sy@msn.com,58987,3IKQKXJ4C1AV,2
2020-03-22,sy@msn.com,58987,QZ230XF3CVJZ,2
2020-03-22,sy@msn.com,58987,IF9R9RXN9IYS,1
2020-03-22,sy@msn.com,58987,QC34J9LABF9B,1
2020-03-23,spy@inbox.com,07460,QW2F0K9AL8NN,1
2020-03-23,wee@icloud.com,98353,4H3SJ3ZCLNMJ,1
2020-03-23,spuo@gmail.com,28616,ZDHDH83QWUBD,4
2020-03-24,noev@msn.com,07460,R2T3K9ACZQ5X,1
2020-03-24,noev@msn.com,07460,WG0UQSWS81NR,3
2020-03-24,tuab@outlook.com,14390,BZX29VFPEY40,3
2020-03-24,tuab@outlook.com,14390,GB7LV9Z6QPGU,1
2020-03-24,trig@live.com,25477,RP0UZ4MG2FQ8,2
2020-03-24,plamp@yahoo.com,61088,NAE20GSJWPBR,1
2020-03-24,plamp@yahoo.com,61088,DKT5F6QDK7AL,1
2020-03-24,smaosh@gmail.com,53602,D5K7TRWBHHRO,2
2020-03-24,smaosh@gmail.com,53602,D0N73FJ00DN4,3
2020-03-24,mush@aol.com,49800,CJ17BEY79S1N,2
2020-03-24,mush@aol.com,49800,9H1MTD1QLZ2O,2
2020-03-25,claa@hotmail.com,07147,9DZJMLE106SO,1
2020-03-25,claa@hotmail.com,07147,SGIP61Y9QHB1,1
2020-03-25,claa@hotmail.com,07147,1QDVTP2DRAKD,1
2020-03-25,claa@hotmail.com,07147,9KD026R7FB9G,2
2020-03-25,swien@aol.com,14773,L1L223HQAY9A,1
2020-03-25,guy@hotmail.com,89896,80XU6QTKZWZY,1
2020-03-25,guy@hotmail.com,89896,CXQD952M7FA5,4
2020-03-25,vi@yahoo.com,16242,I81J89CH0MVM,3
2020-03-25,clai@yahoo.com,38830,9BE6W0IZ8OQ8,1
2020-03-25,clai@yahoo.com,38830,DBC2DUJ1AMEY,2
2020-03-26,cryss@inbox.com,22112,F3JD91RH92C2,1
2020-03-26,cryss@inbox.com,22112,L8TDDH4LY6BY,3
2020-03-26,swof@yahoo.com,89861,1UG3P0V1GTSU,2
2020-03-26,swof@yahoo.com,89861,OIDP5HGZ3RKD,2
2020-03-26,swof@yahoo.com,89861,K4XJPGAJG1IB,1
2020-03-27,taft@outlook.com,22849,RVMSNMIUQCFS,2
2020-03-27,stract@icloud.com,69434,JN6VMT7POQHA,1
2020-03-27,stract@icloud.com,69434,1YNCBCMWUUQ6,1
2020-03-27,stract@icloud.com,69434,DDZ924G4X612,2
2020-03-27,glue@outlook.com,13812,3FTFIJ8Y0D87,1
2020-03-27,glue@outlook.com,13812,03IOCYMQ46CW,1
2020-03-27,glue@outlook.com,13812,HH7V3J01N6LB,2
2020-03-28,swach@msn.com,02539,0I0PU3YCANDH,1
2020-03-28,smam@yahoo.com,70309,NSNEYTZ9GDY8,1
2020-03-28,kaul@msn.com,85695,HQGN47Y5OJ9U,2
2020-03-28,fract@yahoo.com,96576,09HFQ14U306F,1
2020-03-28,boch@icloud.com,25378,ZKMN7YAM7ODX,2
2020-03-28,boch@icloud.com,25378,GT48XXWVQGR4,1
2020-03-28,boch@icloud.com,25378,ZDV2BJF2IDJP,1
2020-03-28,stra@aol.com,58316,6M4UH2S9S141,1
2020-03-29,shuek@inbox.com,67000,8X3ITGDIRSKI,1
2020-03-29,fru@live.com,27199,6CKW4HI8XE9W,2
2020-03-29,plu@yahoo.com,10467,XKINW2THTD3H,2
2020-03-29,plua@msn.com,54956,I4VPUOFJ2TQH,2
2020-03-29,plua@msn.com,54956,PPDC2XA6XKIA,3
2020-03-29,plua@msn.com,54956,0571E5DLVB83,1
2020-03-29,plua@msn.com,54956,V78L7F58QXCU,4
2020-03-29,steaz@live.com,09139,GNS0Q0XZ7Y6S,2
2020-03-29,steaz@live.com,09139,B9WELCM032SL,3
2020-03-29,cher@hotmail.com,77397,7HTRU97N8B3Y,1
2020-03-29,veo@yahoo.com,59052,S8S3Z60BHH6Z,1
2020-03-29,vaind@hotmail.com,47908,0ZBG3P0HDZM1,4
2020-03-30,prui@outlook.com,43002,ZL41H1VU84XO,1
2020-03-30,sha@yahoo.com,12170,PSW9X1HEV3N7,2
2020-03-30,frey@msn.com,53555,XGCGKT0EZ4CS,5
2020-03-30,frey@msn.com,53555,H2RNJ6JWR425,2
2020-03-30,skee@live.com,42051,38DNCB7HB2LC,2
2020-03-30,ston@yahoo.com,96004,0BAVCIWNJSLO,2
2020-03-31,trag@yahoo.com,35134,93A8PVPJ61YK,1
2020-03-31,trag@yahoo.com,35134,SR67WEUFDD9I,1
2020-03-31,spaist@gmail.com,14486,EQWUQ2W7XX2U,3
2020-03-31,spaist@gmail.com,14486,TIT60V7YX42F,1
2020-03-31,spaist@gmail.com,14486,X8NSEOLSPX7Y,1
2020-03-31,spaist@gmail.com,14486,PWY4VY95ZIIX,1
2020-03-31,spog@msn.com,92613,232ERIJA2OP5,1
2020-03-31,liob@icloud.com,65240,EF1CKWWA5IGY,2
2020-04-01,pliept@icloud.com,87503,7DET98N5XLP9,1
2020-04-01,truess@gmail.com,99565,AKTESVUIQMY3,1
2020-04-01,shaech@live.com,85694,SY7730NBQB3X,2
2020-04-01,shaech@live.com,85694,USL2BQYRE4JT,1
2020-04-02,nad@outlook.com,97783,ODB868673853,1
2020-04-02,zo@aol.com,24645,2U8C45Z9Q9IG,2
2020-04-02,smaoft@hotmail.com,28177,1TLU5CNN7CM7,1
2020-04-02,swoan@icloud.com,56500,9OZSJR1H297U,1
2020-04-02,tiu@yahoo.com,74468,LYTKQZWU5BQI,1
2020-04-02,tiu@yahoo.com,74468,3NNF7SENXYXZ,1
2020-04-02,gleb@outlook.com,67000,K4ZPTAR1WIPW,1
2020-04-02,gleb@outlook.com,67000,7W45V0AHQC3M,1
2020-04-03,kea@yahoo.com,94983,XMY1LVR0VNJ5,1
2020-04-03,blaisk@yahoo.com,34368,I65RZ1QBVA9L,2
2020-04-03,blaisk@yahoo.com,34368,XPCNS1X3E2OE,1
2020-04-03,blaisk@yahoo.com,34368,W3FQPYAPYL42,2
2020-04-03,blaisk@yahoo.com,34368,6WNVR43871ST,2
2020-04-03,lio@aol.com,20170,NFOMNAGW1LR7,1
2020-04-03,lio@aol.com,20170,9S35AB0Y3RTA,1
2020-04-03,koeft@hotmail.com,72583,VYL4XCD5H734,1
2020-04-03,koeft@hotmail.com,72583,R0TTLU2LKAHD,1
2020-04-03,koeft@hotmail.com,72583,Q7Y6SAFUFQ0T,2
2020-04-03,koeft@hotmail.com,72583,OYFHF2U0IRDC,1
2020-04-03,sla@hotmail.com,49844,UJCL8JK33YAU,1
2020-04-03,shy@aol.com,96450,D4ZJ3CP236QQ,1
2020-04-03,plant@msn.com,70833,Z49L1VIFR0KQ,4
2020-04-03,plant@msn.com,70833,IOLQRAX0VTXP,1
2020-04-04,woa@icloud.com,08156,TKT37K39KQZN,1
2020-04-04,woa@icloud.com,08156,4C2PW1JBZQ3J,3
2020-04-04,woa@icloud.com,08156,A8I3AMNF3JDM,3
2020-04-04,woa@icloud.com,08156,Z9OJ836TSJDP,1
2020-04-05,vaah@hotmail.com,01914,B3IPWFW4ETRI,4
2020-04-05,griuch@gmail.com,67020,Q5230RCQE9UC,1
2020-04-05,vui@outlook.com,54920,HAKWQ3KL3CI7,1
2020-04-05,vui@outlook.com,54920,YULL489QXFIB,3
2020-04-05,che@hotmail.com,36232,L7M3LR4HLNFR,1
2020-04-05,kooz@hotmail.com,32937,IBEL383RZG9V,1
2020-04-05,hoeng@hotmail.com,06464,7BJP7ISTL0T4,1
2020-04-06,striw@gmail.com,87650,4J1ZQMXB40BY,2
2020-04-06,striw@gmail.com,87650,1WF0NDAC4Q0Q,4
2020-04-06,cla@aol.com,09814,EBUV43K8NTJP,1
2020-04-06,skaw@hotmail.com,27754,I44GGVOIDADP,2
2020-04-06,skaw@hotmail.com,27754,HBS0B91CROOW,1
2020-04-06,zir@hotmail.com,32173,KUTHUYK2E6LI,4
2020-04-07,chie@hotmail.com,71692,I8ZA4HZMD0O0,1
2020-04-07,chie@hotmail.com,71692,TXPY6X7GWN62,1
2020-04-07,plaa@gmail.com,73767,XFVB5QSJ0ZHS,3
2020-04-07,plaa@gmail.com,73767,YETMJ3916XUP,2
2020-04-07,lik@inbox.com,18009,PUKMVJFDTCZW,1
2020-04-07,lik@inbox.com,18009,OSYUG0JWMYLH,1
2020-04-07,smast@msn.com,74784,M6GC13VCKMOW,1
2020-04-07,smast@msn.com,74784,YCM16UXLOW6I,1
2020-04-08,plaink@live.com,92613,ATKUX7KPM084,1
2020-04-08,steih@yahoo.com,70527,44XK27OTEVND,2
2020-04-08,skoo@gmail.com,39577,KF3C2UKSSXTO,1
2020-04-08,sno@inbox.com,85190,889UCQPOGHX6,2
2020-04-09,triess@icloud.com,95251,PXQFQG353V1D,1
2020-04-09,bloow@hotmail.com,15556,ZSVL0A88776O,1
2020-04-09,hend@msn.com,01022,QH222KOJV1LZ,1
2020-04-09,loe@live.com,86650,JYUNZEUIPS08,1
2020-04-09,loe@live.com,86650,E2O5RD6M8NZT,1
2020-04-09,loe@live.com,86650,3ILI82FGD0GA,3
2020-04-10,pui@msn.com,93702,QNDCHNJL5YN2,1
2020-04-10,pui@msn.com,93702,6VNU9RKWT6XA,1
2020-04-10,sef@hotmail.com,70110,PWC0GQM3JDNO,1
2020-04-10,sef@hotmail.com,70110,SJ5ER9U6SMUQ,1
2020-04-10,floont@gmail.com,58316,OGUC4PRF2L0N,1
2020-04-11,smev@yahoo.com,12861,H6YBA1H4U2OV,2
2020-04-11,cluest@yahoo.com,42638,0E7JDU0RP7KH,1
2020-04-11,reo@outlook.com,06464,SP01OJ77PXCX,2
2020-04-11,voor@msn.com,08765,P2ZE8ESBY1PP,3
2020-04-11,voor@msn.com,08765,BFCBXIC8U6TM,4
2020-04-11,voor@msn.com,08765,KWJ0GKSTDZEE,1
2020-04-11,voor@msn.com,08765,YCPEEFEJ6WS7,1
2020-04-11,prid@gmail.com,29228,K5SKRV4DMLO5,1
2020-04-11,yo@mail.com,50890,4KU23S9L1NI6,1
2020-04-11,boa@gmail.com,28126,6WNVR43871ST,1
2020-04-12,juoss@yahoo.com,11439,YG2UXWDYRMJJ,1
2020-04-12,juoss@yahoo.com,11439,CHKDG8VEXFC5,1
2020-04-13,dev@outlook.com,32371,PEE15FP9VPLR,1
2020-04-13,zoan@inbox.com,36138,KIDXHA8RUCGJ,1
2020-04-13,trae@live.com,72847,DKL96T5EONXD,3
2020-04-13,kod@hotmail.com,74950,QS3KA5TTWATY,3
2020-04-13,snoo@inbox.com,49898,0D662LDZBZLO,3
2020-04-13,snoo@inbox.com,49898,LYHQ57HFT11Y,1
2020-04-13,ge@gmail.com,08081,013F6KVH86XD,1
2020-04-13,skaef@yahoo.com,34797,SR9QUVHNB4AS,1
2020-04-13,crou@yahoo.com,32173,0HWCQ43C2JFX,1
2020-04-13,crou@yahoo.com,32173,OG5RC2MUJN7G,1
2020-04-13,crou@yahoo.com,32173,51BK63YSS9N8,2
2020-04-13,friy@yahoo.com,32937,O0M080P4GV0W,1
2020-04-13,friy@yahoo.com,32937,QFLLP3TTM7GY,4
2020-04-13,vaz@inbox.com,54920,6N85Q5P4IG6L,2
2020-04-13,drael@aol.com,91857,FLW1F71X0VNW,2
2020-04-13,fy@yahoo.com,82170,VLSD2GMHFNT2,2
2020-04-13,fy@yahoo.com,82170,QL9TIZ9ZRC2T,2
2020-04-13,fy@yahoo.com,82170,PK0FAF8NWO7D,1
2020-04-13,fy@yahoo.com,82170,4RQHZLAS6K5K,1
2020-04-13,gryt@icloud.com,57059,4PFSHM98WLWV,1
2020-04-13,gryt@icloud.com,57059,UDI384EZOT3R,1
2020-04-13,briesp@hotmail.com,89902,UXLRB9F3WTI3,1
2020-04-13,briesp@hotmail.com,89902,NZ1I21OK2DZ6,1
2020-04-13,skal@icloud.com,32449,TEFVGTSMDL84,1
2020-04-13,skal@icloud.com,32449,MPLO9NPDX0G9,1
2020-04-13,jui@msn.com,47908,V7FOTRMUNZKQ,1
2020-04-14,duaw@mail.com,32173,FFZ59GRTVPWN,2
2020-04-14,ju@hotmail.com,14071,08SI6E3ZU550,2
2020-04-14,ske@aol.com,87845,COQUBDD3BS1A,3
2020-04-14,ske@aol.com,87845,NPN733PG7EIF,2
2020-04-14,ske@aol.com,87845,ONGV7FXI5EDG,1
2020-04-14,plu@aol.com,45256,O889XAAHGBU2,1
2020-04-15,dra@gmail.com,46429,RJHDQO8C7MKG,5
2020-04-16,chau@gmail.com,05810,XRISASF7CPXX,1
2020-04-16,chau@gmail.com,05810,S0KOWO62E2QQ,2
2020-04-16,straz@gmail.com,73300,0CHLVPQBJ1HS,1
2020-04-16,goik@gmail.com,27194,ZD0TBXBHR2DP,3
2020-04-17,bo@hotmail.com,04883,SV8M679WKU8P,1
2020-04-17,vy@inbox.com,90179,AO3DYH7NV7JK,1
2020-04-17,vy@inbox.com,90179,RJNCHPMS6RIH,1
2020-04-18,blen@gmail.com,47908,GCQ6WPR5096W,4
2020-04-18,blen@gmail.com,47908,YVN3VEUBXVJB,1
2020-04-18,pruef@msn.com,20398,UGD6K7CJYWDE,1
2020-04-18,pruef@msn.com,20398,KWWGITFUS4C6,4
2020-04-18,gri@inbox.com,62477,ANYK9YIDPJF5,1
2020-04-18,gri@inbox.com,62477,NR65AMBRTMJK,1
2020-04-18,skoch@yahoo.com,92287,XAC6KLTRNS7V,1
2020-04-19,fro@yahoo.com,49426,GAUCQMNFRBOA,1
2020-04-19,fro@yahoo.com,49426,XXPR90L6CTX6,2
2020-04-19,fro@yahoo.com,49426,704XI84UB8VE,2
2020-04-19,fro@yahoo.com,49426,07B94JXPJ66D,2
2020-04-19,pra@gmail.com,15064,D79EYGC3H365,4
2020-04-19,pra@gmail.com,15064,TJUT0OG0S30F,4
2020-04-19,pra@gmail.com,15064,09WY6A4UXB3S,1
2020-04-19,vyg@mail.com,50002,2PUYZLW7I13J,2
2020-04-19,su@gmail.com,27018,MQF0R4SPZS4E,1
2020-04-19,plee@outlook.com,25378,8HACFO5RCVV4,1
2020-04-19,plee@outlook.com,25378,PPDC2XA6XKIA,3
2020-04-19,spil@gmail.com,64509,DC1S69BWTKM5,1
2020-04-20,wast@yahoo.com,20672,1880WT0CF0A8,2
2020-04-20,goe@yahoo.com,93711,NQ455QLSLNMW,2
2020-04-20,goe@yahoo.com,93711,DO5IPGD6TAD6,1
2020-04-20,goe@yahoo.com,93711,6M4UH2S9S141,3
2020-04-20,goe@yahoo.com,93711,E3OQ165IHSWJ,3
2020-04-20,bisk@icloud.com,46323,OFLQJDOTPMZW,1
2020-04-20,bisk@icloud.com,46323,47Z4MQE4BAZ1,2
2020-04-20,bla@live.com,06852,WFND16RIMQD4,1
2020-04-20,bla@live.com,06852,GJEUKEDHT57W,2
2020-04-20,bla@live.com,06852,MC7G8L36J5ON,1
2020-04-21,yoasp@hotmail.com,50890,J9XDX4T1IW7D,2
2020-04-21,yoasp@hotmail.com,50890,IXRUEKE4ARVX,1
2020-04-21,so@gmail.com,93613,HXJ3H3EFXPPN,3
2020-04-21,faist@inbox.com,59656,1URQLT3217ME,1
2020-04-21,faist@inbox.com,59656,JSA6ZFXWADMH,3
2020-04-21,steo@icloud.com,18980,LL5K0BQW6MTM,3
2020-04-21,bionk@gmail.com,36462,MOIXJ8A0IJY7,3
2020-04-21,bionk@gmail.com,36462,WOYLOHMGYCL7,3
2020-04-21,bionk@gmail.com,36462,3W60ALTH61FE,1
2020-04-21,ru@aol.com,47776,R8RRITR7QZPF,2
2020-04-21,ru@aol.com,47776,ZDB63L4UWMG5,1
2020-04-21,smienk@gmail.com,27754,8KGXTXVMHW8T,2
2020-04-21,smienk@gmail.com,27754,HWGDQD58UP16,2
2020-04-22,skesh@yahoo.com,46429,8JAP3OX31QR1,2
2020-04-22,smy@aol.com,41417,TBJ06Z8NV0A2,1
2020-04-22,chen@gmail.com,57414,NQLW1NK9ASI3,2
2020-04-22,chen@gmail.com,57414,16LV2O6TINCM,2
2020-04-22,chen@gmail.com,57414,4MN6K9Q6XULM,2
2020-04-22,snyh@gmail.com,13622,J7JVGDFDOE2P,3
2020-04-22,snyh@gmail.com,13622,WX6JPWBN600Q,1
2020-04-22,nuo@aol.com,72847,WMMW9W6P5GIJ,3
2020-04-22,gliaft@hotmail.com,32350,U6LHJKDM6VRN,3
2020-04-22,gliaft@hotmail.com,32350,PXD8SO8I4RVP,1
2020-04-23,smeisp@gmail.com,09139,2ZKX3XCGWTZI,1
2020-04-23,smeisp@gmail.com,09139,M7W7UMX47TYY,3
2020-04-23,shauz@aol.com,24632,CG1SS1VRWOM7,1
2020-04-23,shauz@aol.com,24632,7F6M8W1I00IC,1
2020-04-23,swu@yahoo.com,20712,POEYVXJ4DL86,4
2020-04-23,roo@yahoo.com,59140,AUGI90KIZTUN,1
2020-04-23,roo@yahoo.com,59140,NREZI5YE7H01,4
2020-04-23,niap@yahoo.com,73293,ZS7SDPSTROQX,2
2020-04-23,sky@gmail.com,31670,PGUP4KTEXGSU,1
2020-04-23,sky@gmail.com,31670,HY4ZVOMI0CGK,3
2020-04-23,sky@gmail.com,31670,B2VE8Y93K3FB,1
2020-04-23,koav@hotmail.com,36843,A04IH0XC87P7,1
2020-04-23,broe@hotmail.com,97086,8TTU833I90HV,2
2020-04-23,broe@hotmail.com,97086,R3MNZZJKCQXW,1
2020-04-23,broe@hotmail.com,97086,3I913W6FU8WN,3
2020-04-24,plia@live.com,86650,N0AJ4N2F3QKC,1
2020-04-24,wiect@icloud.com,46105,HCQJSCZMBBST,1
2020-04-24,wiect@icloud.com,46105,QQP8AUFSWJCW,1
2020-04-24,wiect@icloud.com,46105,6M4UH2S9S141,1
2020-04-24,wiect@icloud.com,46105,T4APQ3CGSYQC,1
2020-04-24,wiect@icloud.com,46105,TV3UURY6SGIY,1
2020-04-24,wiect@icloud.com,46105,X4S70EW9F5E3,2
2020-04-24,driv@yahoo.com,57374,EFI1AI4LJOD0,1
2020-04-24,driv@yahoo.com,57374,7UUA41JH8VFJ,1
2020-04-24,jam@gmail.com,47346,HDUR9IY01OMP,1
2020-04-24,plue@live.com,57356,IIJTDO9HLGI9,2
2020-04-24,plue@live.com,57356,N8XYJC8IYZNI,2
2020-04-24,plue@live.com,57356,H09FY402NO1H,1
2020-04-25,na@aol.com,20712,SF3ROQ9QVM5H,1
2020-04-25,dreod@yahoo.com,50956,2TFWMCJOJLCI,2
2020-04-25,dreod@yahoo.com,50956,FEGMDTAL0YU0,1
2020-04-25,swuank@yahoo.com,96592,O44SUYWKOYLR,1
2020-04-25,trao@inbox.com,06656,UQDVPZ3JJ9OT,3
2020-04-25,trao@inbox.com,06656,HCQJSCZMBBST,2
2020-04-25,swoil@gmail.com,50002,MXCIYVI1LHKJ,3
2020-04-25,swoil@gmail.com,50002,CL7TTP7L3FT4,1
2020-04-26,baint@gmail.com,66179,G6M09QBDRRC2,1
2020-04-26,baint@gmail.com,66179,AIXAMNWJLIT6,1
2020-04-26,droob@outlook.com,42638,T45GHZDCMOKB,3
2020-04-26,chav@live.com,74950,6IVQY8MGPJ0M,2
2020-04-26,chav@live.com,74950,TKZF2MJN8MJG,2
2020-04-26,chav@live.com,74950,D7HKUDDR6RUG,1
2020-04-26,drouz@live.com,13622,IBV1B4BJ5WA5,1
2020-04-26,drouz@live.com,13622,G0E9Z29I67P8,1
2020-04-27,wu@gmail.com,16230,M3L0PYSK9IJZ,1
2020-04-27,wu@gmail.com,16230,24DD88W05TX1,1
2020-04-27,leup@hotmail.com,13537,XN93VNELIWX6,1
2020-04-28,traesh@hotmail.com,22508,57FJDCMNUTZ9,3
2020-04-28,doa@aol.com,82698,Y5QJSNSY7JV3,3
2020-04-28,doa@aol.com,82698,NNT0BR1ZBL9A,4
2020-04-29,pat@gmail.com,00736,NQUI5R61DIRQ,2
2020-04-29,wauk@gmail.com,27728,913X9SRV17AE,4
2020-04-29,skuosk@gmail.com,68684,TUVL3Q2JUAA2,1
2020-04-29,preiv@mail.com,35196,RKWPWJQET8TI,1
2020-04-29,neept@hotmail.com,99182,RA7PEXHJG9K3,4
2020-04-29,neept@hotmail.com,99182,KCWJOAMGJ1D0,1
2020-04-29,juass@gmail.com,32350,85Y6RRPS0Q2Q,1
2020-04-30,glopt@gmail.com,52222,8C6JABJTO9GZ,1
2020-04-30,bland@aol.com,23525,QHN3054VD1A8,1
2020-04-30,peu@gmail.com,38830,TGMQXF50WN66,3
2020-04-30,stru@gmail.com,58987,464AZTEOARLJ,2
2020-04-30,stru@gmail.com,58987,W3UVPG52UDMT,2
2020-04-30,plyft@gmail.com,59656,Y5XNECYQ717J,1
2020-04-30,plyft@gmail.com,59656,FJSWIDINHW5J,2
2020-05-01,ziul@hotmail.com,16201,3YS4WWCS4JOL,1
2020-05-01,ziul@hotmail.com,16201,02NRQR0Y5NLT,1
2020-05-01,ziul@hotmail.com,16201,F2DEWFKJWIB8,2
2020-05-01,broct@aol.com,23165,OWYNVC7N82DN,1
2020-05-01,bloapt@hotmail.com,59052,MJ0JQWB6SO8A,2
2020-05-01,bloapt@hotmail.com,59052,FQ43U0EIWJJ3,1
2020-05-01,bloapt@hotmail.com,59052,0B2J5JVWOHK6,1
2020-05-01,bloapt@hotmail.com,59052,BFHH3CBAQ1V2,2
2020-05-01,bloapt@hotmail.com,59052,MZ4UUINXGYDJ,1
2020-05-01,bloapt@hotmail.com,59052,DXRGAWNB6OI9,1
2020-05-01,crab@yahoo.com,52432,4ZPHQP3P48BD,5
2020-05-01,snao@inbox.com,14529,6JP6XIMRC7G2,2
2020-05-01,bla@inbox.com,91557,QQV0F8WRRLJ3,1
2020-05-01,bla@inbox.com,91557,FT7OT2DCNFMX,2
2020-05-01,bla@inbox.com,91557,WHG1NS4XUCRZ,2
2020-05-02,vyp@gmail.com,05240,G6T4X8CXHV1G,1
2020-05-02,vyp@gmail.com,05240,IJC0J2N4LOYE,1
2020-05-02,vyp@gmail.com,05240,JS89H5AW0OZ0,2
2020-05-02,fro@icloud.com,95264,6H6KCUGUXGP2,1
2020-05-02,fro@icloud.com,95264,KNVTF12JQHS1,2
2020-05-02,fro@icloud.com,95264,72QKRCWANKCL,1
2020-05-02,wo@msn.com,73767,GD8GJK8HD7Q1,1
2020-05-02,wo@msn.com,73767,P7NR1DB0MNTW,2
2020-05-02,wo@msn.com,73767,O55ETRZZOW7H,1
2020-05-02,rink@yahoo.com,81007,R7C5TRFJACKS,2
2020-05-02,loa@hotmail.com,32371,4AAPN5CDWUBT,1
2020-05-02,zoi@aol.com,23165,5909K5P86FZ8,1
2020-05-02,zoi@aol.com,23165,BHMFCSIHJ4WT,3
2020-05-02,zoi@aol.com,23165,X3Q5HXHXXV4Z,2
2020-05-02,zoi@aol.com,23165,BWMKET5WBE7I,2
2020-05-03,pu@yahoo.com,65240,LRLY2EK7JB0Y,1
2020-05-03,pu@yahoo.com,65240,VH96JNAXX6FZ,2
2020-05-03,muo@mail.com,25958,HWT45Y85GJG4,1
2020-05-03,stry@live.com,49426,3O2ZYUGM1CFH,1
2020-05-03,stry@live.com,49426,H6SW1AC5VQ2B,1
2020-05-03,stry@live.com,49426,MKBF9FB53CJO,2
2020-05-03,vuest@icloud.com,16543,A1Z0UF6588J7,2
2020-05-04,fraa@gmail.com,71152,IPEJM78ZXZR1,3
2020-05-04,fraa@gmail.com,71152,33OZP293QNBB,1
2020-05-04,fraa@gmail.com,71152,EPL91QAQH87P,1
2020-05-04,glyv@hotmail.com,68911,F521SX06BRFK,1
2020-05-04,nun@yahoo.com,93702,7C09KDTOIEMY,1
2020-05-04,feu@gmail.com,53602,4BQCLOPUG2V0,2
2020-05-04,straz@msn.com,00736,XX87QS9B6IS4,2
2020-05-04,straz@msn.com,00736,I9MZAB61FGR2,1
2020-05-04,straz@msn.com,00736,0G6HBHLCOHV3,1
2020-05-04,straz@msn.com,00736,0780FQEX438L,1
2020-05-05,frag@inbox.com,72583,ZGUDNDL67JPS,1
2020-05-05,pre@outlook.com,34677,QM46YYAW772Y,1
2020-05-05,pre@outlook.com,34677,R4A5398B6VG5,1
2020-05-05,pre@outlook.com,34677,TMHU0N1RIVOU,1
2020-05-05,choosp@msn.com,85372,BQNJKOYYD4S6,1
2020-05-05,skai@aol.com,66179,LH3BXQRKI4H6,1
2020-05-05,stao@gmail.com,42904,BLUFR1N0HKTS,1
2020-05-06,slaz@yahoo.com,73996,JWQD40HTXE7C,1
2020-05-06,strui@aol.com,16242,TXF1LHQ15NHI,1
2020-05-06,zai@msn.com,40479,1A0VHYKSEPJS,3
2020-05-06,zai@msn.com,40479,MJLUI2IZKS5S,4
2020-05-06,frup@yahoo.com,82698,A4GUPC9MHXE1,1
2020-05-06,pri@msn.com,45225,VTODT9EOY6CZ,1
2020-05-06,pri@msn.com,45225,6JLTWQJYP6H2,2
2020-05-06,pri@msn.com,45225,86WOFAHWJV64,1
2020-05-06,pri@msn.com,45225,4DRC93BIL0YP,2
2020-05-06,zeoss@mail.com,08806,9XPG78VBSJCH,3
2020-05-06,zeoss@mail.com,08806,5X7QKM5PYTZL,2
2020-05-06,swum@aol.com,05810,KN8NU3AHR8GZ,2
2020-05-06,swum@aol.com,05810,XNH2LB3LZJTF,1
2020-05-06,swum@aol.com,05810,9PC71SKHQYKV,2
2020-05-06,hi@aol.com,84635,TDGR66X1VC9U,1
2020-05-06,smiay@aol.com,43002,E76V2T2URZY9,2
2020-05-07,tug@icloud.com,25958,N3ATFIEZGJIW,1
2020-05-07,tug@icloud.com,25958,JCHXL23N3UA7,4
2020-05-07,proip@yahoo.com,45225,E89A0RR7TWHF,4
2020-05-07,kong@hotmail.com,83522,KQGB5B90MU9T,1
2020-05-07,taent@outlook.com,84635,J7JVGDFDOE2P,2
2020-05-07,yiat@gmail.com,53602,ZHMS4U7O5KZ3,1
2020-05-07,ju@hotmail.com,14071,BGA4898VI90E,1
2020-05-07,ju@hotmail.com,14071,D2PWGV304LDV,1
2020-05-07,veel@yahoo.com,14496,O6N9FF3LILJ2,1
2020-05-07,cru@hotmail.com,10311,JSGWV6JOYPWO,1
2020-05-07,cru@hotmail.com,10311,45NU6YSLLJ6D,2
2020-05-08,flae@msn.com,89861,AIDIKQRJ2WPL,2
2020-05-08,flae@msn.com,89861,XVYSH49FCJGW,1
2020-05-08,flae@msn.com,89861,C89ULTWQSZWC,3
2020-05-08,seist@gmail.com,55374,BPI1PYZW4SPG,1
2020-05-08,chymp@gmail.com,60973,S4PHRANHCAI6,4
2020-05-08,bly@hotmail.com,96492,HT9SE1C7F2AK,1
2020-05-08,bly@hotmail.com,96492,NBKW1YI9HB7R,2
2020-05-08,chuef@live.com,56552,KGHVK6VM4N0E,3
2020-05-08,cloipt@aol.com,94636,YIGSHBVOQ02A,1
2020-05-08,cloipt@aol.com,94636,B6G0U6DEHY29,1
2020-05-08,cloipt@aol.com,94636,ARXS93O40KZ2,2
2020-05-08,loest@gmail.com,77905,994WCG4GF1FR,2
2020-05-08,loest@gmail.com,77905,K586VKTAOG6D,1
2020-05-08,hoomp@hotmail.com,42051,YB3ZC3TH29FB,2
2020-05-09,chul@icloud.com,68288,A4HTOA2R2YB7,3
2020-05-10,strig@gmail.com,90466,1GT85OFB5G1M,1
2020-05-10,fauy@yahoo.com,66919,P2L8X5XAV357,1
2020-05-10,vou@gmail.com,13272,FIOQSCD8L8B2,3
2020-05-10,clach@hotmail.com,59656,IE6C7R108MVW,1
2020-05-10,clach@hotmail.com,59656,EQTLX1FXVB1G,1
2020-05-11,smoo@yahoo.com,19394,AG0ZNQG4UIK7,1
2020-05-11,smoo@yahoo.com,19394,MPCUM0LUZDIK,3
2020-05-11,smoo@yahoo.com,19394,XN7ODVN529DT,1
2020-05-11,smoo@yahoo.com,19394,XVHOJQZUJR6U,1
2020-05-11,smoo@yahoo.com,19394,L3NXVIZ7WPA5,1
2020-05-11,liuct@outlook.com,24424,S9YQ1W79I9FP,1
2020-05-11,liuct@outlook.com,24424,DIRHW7GQOSJA,3
2020-05-11,liuct@outlook.com,24424,EG23HVNX4ALJ,2
2020-05-11,liuct@outlook.com,24424,KHWZOXIJH4AS,2
2020-05-11,liuct@outlook.com,24424,W1BF3OJ2HBV8,1
2020-05-11,snoo@yahoo.com,26983,872V1K4PGNU6,1
2020-05-11,snoo@yahoo.com,26983,Z27JFZ4D2IAZ,2
2020-05-11,fract@yahoo.com,96576,KV7D3UYW77KB,1
2020-05-11,chau@aol.com,38339,THER5S653CN8,2
2020-05-11,chau@aol.com,38339,CKGNE1GW0GSP,2
2020-05-11,nie@msn.com,99458,3UUA9POT9MM1,3
2020-05-12,clua@yahoo.com,98401,Q8CIWAWZDB5T,1
2020-05-12,meu@live.com,49800,BWEPPTBFQ67Q,2
2020-05-12,meu@live.com,49800,MFE4R597S1W4,1
2020-05-12,sleug@mail.com,55978,AO3NMAN2GYM2,2
2020-05-12,chym@outlook.com,75524,RP0UZ4MG2FQ8,5
2020-05-12,chym@outlook.com,75524,0CHO2G3EBMFM,2
2020-05-12,ko@hotmail.com,23242,HFMFXSL32LS0,1
2020-05-12,ko@hotmail.com,23242,ZV3E3FJWCP2G,3
2020-05-12,weo@yahoo.com,54892,GL95YPJMSRTZ,2
2020-05-12,weo@yahoo.com,54892,7JM5R9WNYB4H,2
2020-05-12,buev@gmail.com,70947,PRMALOGKV6D6,2
2020-05-13,flyn@msn.com,77905,ZJLJ2LGOS1TW,1
2020-05-13,flyn@msn.com,77905,5HODOECZK9E2,2
2020-05-13,plao@outlook.com,94554,XAHHMPP6CSDV,1
2020-05-13,plao@outlook.com,94554,6NHZGBRLKXH5,1
2020-05-13,plao@outlook.com,94554,6WYYQ6QW0EGA,1
2020-05-13,plao@outlook.com,94554,J89Q9JO3TCE6,5
2020-05-13,druof@msn.com,77103,PC92IKTVKVDY,2
2020-05-13,druof@msn.com,77103,WZ92G27X6UK4,1
2020-05-13,druof@msn.com,77103,3Z10MBVE0TDK,1
2020-05-13,beosp@msn.com,27707,00692WZSQBWR,2
2020-05-13,beosp@msn.com,27707,EE203JM9XWOY,2
2020-05-13,chink@aol.com,34506,CCCMKANG8W8N,2
2020-05-13,dia@aol.com,91857,70Q9R3SWO063,2
2020-05-14,niav@inbox.com,67650,D8MKMNEPXKVJ,1
2020-05-14,slat@aol.com,68591,DTCHB4NZ1ONP,1
2020-05-14,braa@outlook.com,65240,7YTQLNB5UXGE,1
2020-05-14,smast@msn.com,74784,88LQJOOP53HK,3
2020-05-14,chuapt@gmail.com,87098,8NH2SBVF3YPF,1
2020-05-14,chuapt@gmail.com,87098,NEOXF2U939ZX,2
2020-05-14,chuapt@gmail.com,87098,8N89Y60XDRAY,1
2020-05-14,driu@live.com,98353,K75OGF3UQ3FZ,1
2020-05-14,gou@gmail.com,37402,4HEDB10O7U53,2
2020-05-14,gou@gmail.com,37402,8ZKPYZ8INFST,1
2020-05-14,lae@icloud.com,85399,5IK2OJ39KEBW,1
2020-05-14,lae@icloud.com,85399,N7I8XNWUVAOC,3
2020-05-14,heub@hotmail.com,07593,L0XM67D7RHQ3,1
2020-05-14,heub@hotmail.com,07593,586D9FNMBPK3,2
2020-05-14,heub@hotmail.com,07593,UIAJNUPQRLKM,1
2020-05-14,heub@hotmail.com,07593,MCGMCJEDOBH8,1
2020-05-14,heub@hotmail.com,07593,E4TNLFFM03XY,1
2020-05-15,leo@live.com,15636,AIKP1LV0968Z,1
2020-05-15,daesk@gmail.com,38743,JQGRKW7BI508,2
2020-05-15,yua@hotmail.com,86240,JXSKUXVT444M,3
2020-05-15,yua@hotmail.com,86240,676GWV0VSVZY,2
2020-05-15,smi@gmail.com,31670,97R19LV9J6I7,1
2020-05-15,zut@gmail.com,73293,PC2EZPSLRPQF,1
2020-05-15,swup@aol.com,99182,JHO3PNV2DZGM,3
2020-05-15,ry@outlook.com,87503,K2I1Z6DB0IE4,1
2020-05-16,skeu@msn.com,24645,D8M3OP0484CH,2
2020-05-16,lur@live.com,68231,TAVEPXWYR7CT,1
2020-05-16,sha@mail.com,64081,1Q8TAEVA3I3E,1
2020-05-17,chie@hotmail.com,71692,QSKQF49CO9NW,2
2020-05-17,hio@gmail.com,27018,DFQ637EGTDA9,1
2020-05-17,hio@gmail.com,27018,11MWIXRZOJQN,2
2020-05-17,hio@gmail.com,27018,HUKP6JPHU4OS,4
2020-05-17,hio@gmail.com,27018,T7KDEHMCVWZ8,3
2020-05-17,hio@gmail.com,27018,S6HWVHVQ37YG,3
2020-05-17,plynd@hotmail.com,31670,K1I6CV87PKBH,1
2020-05-18,rei@gmail.com,58316,BQSRTP2G6T60,1
2020-05-18,rei@gmail.com,58316,5XL7C4OQWQNM,1
2020-05-18,rei@gmail.com,58316,O79N1O685XND,1
2020-05-18,spoct@hotmail.com,70833,767XKAKEGW8E,2
2020-05-18,sweeft@gmail.com,11439,1E7R5V7BLABR,2
2020-05-19,sy@mail.com,94520,UFQVCLN5KIBF,3
2020-05-20,dien@gmail.com,24779,BXUS3LQHE95Z,1
2020-05-20,viv@live.com,86650,K3KBACATHE4P,3
2020-05-20,viv@live.com,86650,OU18JKFRYPX3,1
2020-05-20,haopt@outlook.com,81848,5M67CVG5K72A,2
2020-05-20,nie@gmail.com,64509,2JTD94LLSKC7,1
2020-05-20,nie@gmail.com,64509,D3T5NSBHZJQ0,3
2020-05-20,gynd@gmail.com,89933,EB96OFYA0KNB,1
2020-05-21,smo@live.com,40807,XGE2M8WGL9F9,1
2020-05-21,rar@inbox.com,73767,G2HVCTS2FU7T,1
2020-05-21,rar@inbox.com,73767,W8H30UN15KWD,1
2020-05-21,rar@inbox.com,73767,O03IOQ7H4TZT,2
2020-05-21,trasp@gmail.com,36462,9049FB8HMT63,1
2020-05-21,spo@hotmail.com,85190,5HODOECZK9E2,1
2020-05-21,spo@hotmail.com,85190,QW84QRRH2ULJ,1
2020-05-21,nue@msn.com,15311,4UA14FHMKCVI,2
2020-05-21,nue@msn.com,15311,W0Q1RWV5UCXJ,2
2020-05-21,nue@msn.com,15311,IIJZ95HCRDAK,1
2020-05-21,mi@inbox.com,06538,8F4WQI0B3TSP,1
2020-05-21,hei@outlook.com,02010,WC51AZQIAO9W,1
2020-05-21,hei@outlook.com,02010,X1HD5M5RTUWA,1
2020-05-21,hei@outlook.com,02010,S1A4G0LXDSDD,3
2020-05-21,hei@outlook.com,02010,YLDCL2F3X1I5,1
2020-05-21,noif@live.com,07282,WDM3WLQ2D1LV,1
2020-05-21,noif@live.com,07282,1X849UPF16D6,3
2020-05-21,noif@live.com,07282,915DDUA4N65O,2
2020-05-21,noif@live.com,07282,CENHSU3FV8RM,1
2020-05-22,neah@aol.com,25477,W167OQQOSYA4,4
2020-05-22,neah@aol.com,25477,BO5WSSKJRZ48,2
2020-05-22,neah@aol.com,25477,Q36U3JCVR2DJ,1
2020-05-22,vo@yahoo.com,14390,P1DI73N3CJZQ,3
2020-05-22,ra@icloud.com,77103,X8RPJ1MBS409,1
2020-05-22,ra@icloud.com,77103,2HW78GVVZ9PM,2
2020-05-22,ra@icloud.com,77103,G8VFVP0XDFZ8,2
2020-05-22,roisk@hotmail.com,92331,4TFW1AX8RALT,2
2020-05-22,roisk@hotmail.com,92331,5ZATGIQAPZUP,2
2020-05-22,flue@msn.com,77103,R590ZCHF9OGJ,2
2020-05-22,try@gmail.com,34762,WHND35D8G3DC,1
2020-05-23,rae@msn.com,72847,AU5UT1U15FCX,4
2020-05-23,bloapt@hotmail.com,59052,SX23QXRFXYF8,1
2020-05-23,bloapt@hotmail.com,59052,2PHJ0HIAMHEH,1
2020-05-23,smaz@outlook.com,20398,RZT6PI93J44I,1
2020-05-23,graft@gmail.com,25378,T95J6FIA831Q,2
2020-05-23,graft@gmail.com,25378,7HGZKTRJ84VD,1
2020-05-23,crua@yahoo.com,77893,I5HMML3DBQQZ,2
2020-05-23,crua@yahoo.com,77893,LKYS5DF7AH5Z,3
2020-05-23,crua@yahoo.com,77893,VFF1H2U8RQSN,1
2020-05-24,kaich@aol.com,29248,QPVPLN13DT8P,1
2020-05-24,blap@aol.com,91100,A2CGYRANRLCC,2
2020-05-24,hef@gmail.com,74357,JCM0XAUQHXOZ,2
2020-05-25,spa@yahoo.com,43002,X2QFO806SYEI,1
2020-05-26,jeeng@gmail.com,16543,96RUU5TPPTOA,1
2020-05-26,jeeng@gmail.com,16543,P92CLIXZW2UJ,1
2020-05-26,jeeng@gmail.com,16543,GD8GJK8HD7Q1,2
2020-05-26,fy@inbox.com,07147,DX403GN20LZZ,2
2020-05-26,zeu@hotmail.com,38830,1OTYBN8AP6SB,1
2020-05-26,zeu@hotmail.com,38830,683W9OA02W7L,1
2020-05-26,gyv@gmail.com,49898,HB14LRH5PSKG,2
2020-05-26,smua@gmail.com,64030,GLCGH6NN3XE9,1
2020-05-26,tui@live.com,18980,MKBF9FB53CJO,2
2020-05-26,stae@inbox.com,43163,RMJIL4CU0765,2
2020-05-26,rium@yahoo.com,38427,3X917DQTNEO9,1
2020-05-26,spiu@yahoo.com,47776,ITGKF2IQK5P4,1
2020-05-26,spiu@yahoo.com,47776,MKBAZSKO4MU9,1
2020-05-26,wuamp@hotmail.com,82208,E1VF7LDFKD3P,1
2020-05-26,wuamp@hotmail.com,82208,608KLWWF26W2,2
2020-05-27,chui@gmail.com,27199,D2ZK4SDEJ3AE,1
2020-05-27,kee@live.com,24779,B6F537E7J7CM,1
2020-05-27,kee@live.com,24779,PGHLKTVU34F0,4
2020-05-27,groo@inbox.com,70527,01L4ISTJJOGJ,1
2020-05-27,jio@gmail.com,43889,66H59RYVDZ4U,2
2020-05-27,jio@gmail.com,43889,WW6NIVURJFSV,1
2020-05-27,rua@hotmail.com,45256,A00W81BRT09V,2
2020-05-27,vaz@inbox.com,54920,BVVC7UNSTYOS,1
2020-05-27,blaont@gmail.com,01914,TADAG7ES7LS1,3
2020-05-27,sho@live.com,75165,MAVFEIP28E5Z,2
2020-05-27,sho@live.com,75165,33PU7YD0D4QW,1
2020-05-27,sho@live.com,75165,NT11YKA066G2,2
2020-05-28,fuct@yahoo.com,26421,1KEAHOQJC7OS,2
2020-05-28,fuct@yahoo.com,26421,2HW78GVVZ9PM,1
2020-05-28,jiaft@inbox.com,96585,NMGSZQJT29MJ,1
2020-05-28,triask@hotmail.com,63707,04LA1ZBLAF2G,1
2020-05-28,lound@hotmail.com,78773,LDI5WLIVOAAB,2
2020-05-29,clo@aol.com,25378,215AMO74FROE,2
2020-05-29,lai@aol.com,78719,9VFI74NVM8XF,2
2020-05-29,mar@hotmail.com,40479,5L748WB2AH4Q,2
2020-05-29,freem@yahoo.com,61088,FJKR4GBR1SQ8,1
2020-05-29,freem@yahoo.com,61088,NXGF10XG8HZ6,1
2020-05-29,freem@yahoo.com,61088,X955L0O9LKOT,2
2020-05-30,snaar@aol.com,77055,Y0XCN2PY1LEZ,4
2020-05-30,snaar@aol.com,77055,BMXKNZM5ZZYA,1
2020-05-30,snaar@aol.com,77055,97UMJ9ODBAK8,1
2020-05-30,fai@gmail.com,23319,KK1EWDW9J1TV,1
2020-05-30,fai@gmail.com,23319,BTNU72V1XOT5,1
2020-05-30,bio@msn.com,75001,6HWNDDX9A35J,1
2020-05-30,clo@hotmail.com,07799,HTA2LKTYFQS6,1
2020-05-30,clo@hotmail.com,07799,P3ID8TL35KG6,1
2020-05-30,clo@hotmail.com,07799,KYZ9DKQ692S1,1
2020-05-30,clo@hotmail.com,07799,RMNA8G155JKF,1
2020-05-30,braost@aol.com,74430,T79740QFSTNS,2
2020-05-30,braost@aol.com,74430,EMYO4D3CI18D,1
2020-05-30,braost@aol.com,74430,68Y3V7AMS1YS,1
2020-05-30,blink@aol.com,95264,YI1C4U1MW647,2
2020-05-30,blink@aol.com,95264,CB7TFIDJI9LP,1
2020-05-30,swium@icloud.com,68684,MOY8NLPNVPYB,2
2020-05-30,swium@icloud.com,68684,N5UY6F7XMQ3G,6
2020-05-30,swium@icloud.com,68684,B9W9YB7IPOWJ,1
2020-05-30,lor@aol.com,26207,AJRPXH9YM0GN,1
2020-05-30,poig@live.com,21612,SQRSL8UVXMZS,3
2020-05-30,cheit@msn.com,95656,8RINJT0L3RYR,3
2020-05-30,dreomp@live.com,92950,Z83V8HKBRZGE,2
2020-05-30,staak@icloud.com,53602,MUAS5G0AUGVE,2
2020-05-31,flio@live.com,71692,F9LGHD20MX50,4
2020-05-31,yir@gmail.com,14124,OWHE5K9G9YXT,2
2020-05-31,yir@gmail.com,14124,98YGTQBVUWFH,1
2020-05-31,stiz@live.com,02010,YF1BHWYVU40I,6
2020-05-31,stiz@live.com,02010,MP9BIEF32YE5,1
2020-05-31,plaol@icloud.com,05810,IWOXG9G9WT5C,1
2020-05-31,plaol@icloud.com,05810,GEI9FCUVLBL6,2
2020-05-31,dru@hotmail.com,74468,XS7GSO6L732G,1
2020-05-31,tap@inbox.com,27018,1M6OTTOWKPJF,1
2020-05-31,tap@inbox.com,27018,MPWPNXIFYQWZ,5
2020-05-31,tap@inbox.com,27018,GWUVCIWGQR09,1
2020-05-31,prynk@icloud.com,97957,HYY0TCE0YACQ,1
2020-05-31,croont@yahoo.com,94057,YQG5ODGAC7AW,1
2020-05-31,mooss@msn.com,13885,HANNP6F3BCON,1
2020-05-31,trao@outlook.com,13622,16ZVNRAS7B8T,1
2020-05-31,trao@outlook.com,13622,JYQ35FAQLY7Q,1
2020-06-01,trao@outlook.com,13622,3YRB74XPDCEA,2
2020-06-02,crao@aol.com,25477,QIJSBZJXF8T1,1
2020-06-03,prio@gmail.com,96592,DIMGQH5J28YG,2
2020-06-03,prio@gmail.com,96592,PU6KC50LLUSX,1
2020-06-03,ropt@yahoo.com,78759,MRJQJ4NEWS6T,2
2020-06-03,suisk@gmail.com,68288,ZB2O534KDZ96,1
2020-06-03,suisk@gmail.com,68288,UZO0PKT66R7R,3
2020-06-03,yi@live.com,25378,AQC7BQ451YCC,2
2020-06-03,niow@aol.com,20450,YBCAZ9BH445L,2
2020-06-03,niow@aol.com,20450,T5MTVYOGF33Q,2
2020-06-03,teap@gmail.com,23319,1H6IZSW6190Z,2
2020-06-03,teap@gmail.com,23319,F9C00CR25LLS,4
2020-06-03,teap@gmail.com,23319,CHDE5U9J31HN,1
2020-06-03,teap@gmail.com,23319,PJQNPU8QUHZ5,2
2020-06-03,teap@gmail.com,23319,342XKT8TS323,1
2020-06-04,shaech@live.com,85694,C2WAZVBLTA50,1
2020-06-04,shaech@live.com,85694,4PSK13X9EB5R,1
2020-06-04,shaech@live.com,85694,VF9PPLM2JHK3,3
2020-06-04,shaech@live.com,85694,09NVK37JMHD4,1
2020-06-05,zist@hotmail.com,28911,6W2W7146NGJN,2
2020-06-05,riof@aol.com,30074,ACFPAE7TXVQK,2
2020-06-05,riof@aol.com,30074,I0Q1V5CDBZT6,1
2020-06-05,snad@gmail.com,10681,X2FNDI2TP23C,1
2020-06-05,strui@yahoo.com,65920,7KFKS8NQ36KD,1
2020-06-05,stump@live.com,44098,9HUTE4779JVB,2
2020-06-05,sneomp@yahoo.com,35445,FH30BWQC1NAZ,3
2020-06-05,sni@aol.com,27728,68YP8MWDOWC3,1
2020-06-05,sni@aol.com,27728,0XPZEF93B9NR,2
2020-06-05,seum@yahoo.com,91557,1DH897ZA7NN7,3
2020-06-06,shai@hotmail.com,72847,B9RJQ275ALVI,1
2020-06-06,criz@msn.com,10621,5S31Y7TP8C0S,2
2020-06-06,criz@msn.com,10621,YZQVY61Q6MNZ,1
2020-06-06,criz@msn.com,10621,6ECECIFYUETX,1
2020-06-06,guig@msn.com,51196,731P1R18JX9T,2
2020-06-06,guig@msn.com,51196,MU5RZA3QNYXS,1
2020-06-06,guig@msn.com,51196,BU9P5GRN2PZP,2
2020-06-06,guig@msn.com,51196,OIHUO9A3FLXT,6
2020-06-06,gu@live.com,32371,30D0S2QC8PM4,6
2020-06-06,ryh@yahoo.com,92613,TGBHV9RFTK63,2
2020-06-06,ryh@yahoo.com,92613,EWJEBCYGHAVB,1
2020-06-06,smaa@gmail.com,14354,JIVLUENITD59,1
2020-06-06,chaand@gmail.com,61692,XBN3EM9WY4WN,4
2020-06-06,chaand@gmail.com,61692,0B2J5JVWOHK6,2
2020-06-06,frued@mail.com,73300,3PQW0NLIB3G4,2
2020-06-07,smo@yahoo.com,16977,9FBR67N4QEBL,1
2020-06-07,smo@yahoo.com,16977,9P942FDWAYTF,1
2020-06-07,frae@aol.com,43163,FX2XPLZ34616,3
2020-06-07,frae@aol.com,43163,Q8M2RC6T1XMS,1
2020-06-07,frae@aol.com,43163,HNXGW73GFPGK,1
2020-06-07,plysh@aol.com,34797,V4H3R2JRO6DN,1
2020-06-07,taan@msn.com,83621,Y7B1DO7SD1G0,4
2020-06-07,pei@yahoo.com,48519,F9JNGGO7SLUW,1
2020-06-07,pei@yahoo.com,48519,GE5RFBBBH2KR,4
2020-06-07,woe@gmail.com,54956,TIIKT347XMCO,1
2020-06-07,woe@gmail.com,54956,K2S3INBG2UWO,2
2020-06-08,stray@yahoo.com,80931,S5DMDJA3ZCOH,3
2020-06-08,stray@yahoo.com,80931,AW6A8TUZDC2X,1
2020-06-08,strew@msn.com,08905,S6VWKMJBOGXR,1
2020-06-09,brict@yahoo.com,15669,N8XYJC8IYZNI,5
2020-06-09,yiu@live.com,46165,ZIQMJH6MP0BL,3
2020-06-09,shag@icloud.com,59978,ICDT01XYSD3P,1
2020-06-10,liof@gmail.com,69316,1GZSE5KXNTLO,2
2020-06-10,liof@gmail.com,69316,874H0Q91KC7X,1
2020-06-10,liof@gmail.com,69316,MEDU5LQ3AXR8,1
2020-06-10,smech@live.com,43706,PNYOVNOGS8CP,2
2020-06-10,trosk@yahoo.com,72792,TCHD9EN2Z7YM,2
2020-06-10,snei@yahoo.com,87650,MJ5ZLODJ6WY3,1
2020-06-10,snei@yahoo.com,87650,0F18QFEG8DYN,6
2020-06-11,joo@live.com,05742,0OWR9MCQ7GKS,1
2020-06-11,spo@yahoo.com,18015,HCI0D6Y5IH9K,1
2020-06-11,spo@yahoo.com,18015,0BBQQ6IGAMSP,1
2020-06-11,spo@yahoo.com,18015,RMJGWJF7EPQQ,2
2020-06-11,trae@gmail.com,49714,KRJVIDXHTHH0,1
2020-06-11,luv@outlook.com,77631,0XE1LJJDU42Q,1
2020-06-11,luv@outlook.com,77631,D2UJQV6ACHWV,1
2020-06-11,mie@inbox.com,80088,Q8LUH1DWI5Z5,7
2020-06-11,mie@inbox.com,80088,6VRGGMW8DC3O,2
2020-06-11,mie@inbox.com,80088,ENAF3RNCE1GW,2
2020-06-11,swusp@aol.com,14124,J75AIWSKJ92F,1
2020-06-11,swusp@aol.com,14124,2KCN0HM2HTRD,2
2020-06-11,ska@aol.com,72792,NYR6P0G0LKEU,1
2020-06-11,ska@aol.com,72792,YBCAZ9BH445L,3
2020-06-11,ska@aol.com,72792,NL57SJ7GFT8F,1
2020-06-11,preed@gmail.com,77006,MSTW4AWRWN15,1
2020-06-11,bla@outlook.com,75442,IERTJ04W630A,1
2020-06-12,deo@yahoo.com,85695,Q5M2QE2VU26Q,1
2020-06-12,deo@yahoo.com,85695,ZGQU64JH3E7J,1
2020-06-12,deo@yahoo.com,85695,SZBBOLS92RG0,1
2020-06-12,skeenk@icloud.com,43016,WDF5FO11GNSS,2
2020-06-12,skeenk@icloud.com,43016,JG9F7IOLD672,1
2020-06-12,zasp@icloud.com,16977,D0PT3DVPRIRK,1
2020-06-12,zasp@icloud.com,16977,LC4EAHHY5NCA,1
2020-06-12,glei@icloud.com,77912,H5V1BPY9JMT3,1
2020-06-12,glei@icloud.com,77912,3VGS92W7303A,1
2020-06-12,glei@icloud.com,77912,JVSOO03J8QYR,1
2020-06-13,jiu@yahoo.com,54963,PRMALOGKV6D6,1
2020-06-13,jiu@yahoo.com,54963,ZIQMJH6MP0BL,2
2020-06-13,weank@yahoo.com,85956,6Z9J63KAHD5C,1
2020-06-13,weank@yahoo.com,85956,A0JE4UPRRBFL,1
2020-06-13,mei@gmail.com,49714,PK0FAF8NWO7D,1
2020-06-13,prail@hotmail.com,67650,5HBIQ09AEXJA,3
2020-06-13,prail@hotmail.com,67650,05HYP8R5MQ2P,1
2020-06-13,prail@hotmail.com,67650,6EUM02QHXPJS,3
2020-06-13,prail@hotmail.com,67650,XZ68BY3WNUGI,1
2020-06-13,prail@hotmail.com,67650,DVDE1NTLC58H,1
2020-06-13,seiy@gmail.com,43163,YJ5NZTCBTZDO,3
2020-06-14,youst@gmail.com,54471,O2OFVRJWBIJB,2
2020-06-14,youst@gmail.com,54471,UAG7W4GGTAK5,1
2020-06-14,paisp@aol.com,11588,K86ZZ01TZWCO,1
2020-06-14,paisp@aol.com,11588,AE3NQ0Z26FY9,2
2020-06-14,paisp@aol.com,11588,TF1U8UMV7ZAU,1
2020-06-14,paisp@aol.com,11588,AUZ63IPCJURG,3
2020-06-15,pra@aol.com,16632,O81T2CTLZTFL,1
2020-06-15,pra@aol.com,16632,F9X05WE4XP8L,1
2020-06-15,kong@hotmail.com,83522,F72JX0PT1EQT,2
2020-06-15,kong@hotmail.com,83522,A5ECP95GKK4P,1
2020-06-15,kong@hotmail.com,83522,LH12V44FCLMW,1
2020-06-15,pue@gmail.com,04883,K2RN398XEIRP,3
2020-06-15,pue@gmail.com,04883,VN3MDPICOOUD,1
2020-06-15,pue@gmail.com,04883,NLK6N9EVNUU9,2
2020-06-15,clae@gmail.com,80931,V8SXAI4ABUNW,1
2020-06-15,clae@gmail.com,80931,735T3I65IBMW,1
2020-06-15,li@outlook.com,87845,UJCL8JK33YAU,4
2020-06-15,to@hotmail.com,08790,95XOZRJBMBRH,1
2020-06-15,to@hotmail.com,08790,FXL8G8IJY1YW,1
2020-06-15,to@hotmail.com,08790,3ABBZS8Y3S6M,1
2020-06-15,spo@live.com,80009,HZLZ22RPEDD3,1
2020-06-15,spo@live.com,80009,1H8RNT7O3OAT,1
2020-06-15,spo@live.com,80009,0C4PM4CFM842,5
2020-06-15,spo@live.com,80009,RJ1RGFYDYHUE,1
2020-06-16,tech@gmail.com,99458,3E5UGE124YT0,1
2020-06-16,noof@yahoo.com,41222,RO5QMFZKIPA4,1
2020-06-16,ple@outlook.com,13885,0YCHSHP0BTNE,2
2020-06-16,ple@outlook.com,13885,JJERLWC7LEGT,1
2020-06-16,wae@yahoo.com,80088,YKMO41AYM60K,1
2020-06-16,wae@yahoo.com,80088,C3ZLS7IGQQER,3
2020-06-16,vask@msn.com,37402,O1T4XM7PROA4,2
2020-06-16,vask@msn.com,37402,UPPLEH2YAI1T,1
2020-06-16,beont@gmail.com,58568,TIR9S82A4OYM,1
2020-06-17,shiss@gmail.com,03252,YALZZUUS7UK2,2
2020-06-17,shiss@gmail.com,03252,OKLM2TZOLWI6,1
2020-06-17,gouft@aol.com,90357,2S3WLGIKLYB8,3
2020-06-17,gouft@aol.com,90357,JJHHYUQZFJDP,1
2020-06-17,snuab@msn.com,82170,1KZSEQT10234,2
2020-06-17,snaom@hotmail.com,33677,XXPR90L6CTX6,2
2020-06-17,snaom@hotmail.com,33677,I50V1RGANUC7,1
2020-06-17,shum@aol.com,16230,T713P3L9MT34,1
2020-06-17,smienk@gmail.com,27754,LAOXEH2JN3IO,2
2020-06-18,bliy@gmail.com,35196,5OVE7UB36OEF,2
2020-06-18,sysk@inbox.com,96585,6QJU5F6N8RDO,1
2020-06-18,sysk@inbox.com,96585,0HA8CFNYFH8I,2
2020-06-18,ply@msn.com,70348,A59LV9LETVXG,4
2020-06-18,ply@msn.com,70348,DAJJ2W41N2RF,2
2020-06-18,ply@msn.com,70348,U9QTL3K8DJ6N,1
2020-06-18,ply@msn.com,70348,7ZZIGJXPK3AS,1
2020-06-18,ply@msn.com,70348,1Q4J7KHYHMVJ,2
2020-06-18,tree@yahoo.com,16201,93A8PVPJ61YK,1
2020-06-18,tree@yahoo.com,16201,4OHKUNLVZU97,2
2020-06-18,tree@yahoo.com,16201,BGOATDSF4JOY,1
2020-06-18,wauk@gmail.com,27728,3EWA3Z7CIY6O,1
2020-06-18,wauk@gmail.com,27728,4FV9G3JJ3HEM,2
2020-06-18,pioch@yahoo.com,26207,IUBBH8IZB8Z8,1
2020-06-18,pioch@yahoo.com,26207,0Z7B1MJV6P7P,2
2020-06-18,shoss@aol.com,79814,TG6NYKNTZH11,1
2020-06-18,pa@mail.com,56299,5PY7DLA5AXBL,2
2020-06-18,pa@mail.com,56299,ARBL8A6I85KK,1
2020-06-18,sniw@yahoo.com,89933,Z1MYTZ85ZY7M,3
2020-06-18,sniw@yahoo.com,89933,BI6DRUAATINX,2
2020-06-18,sniw@yahoo.com,89933,BA94TDJ7FCPS,2
2020-06-18,foupt@gmail.com,05108,VQURQACI5FLE,4
2020-06-18,cru@live.com,46165,N75X55TOHNBQ,3
2020-06-18,cru@live.com,46165,I284RGCKB4FY,2
2020-06-19,zo@hotmail.com,74357,PHZMYP08PRM2,4
2020-06-19,zo@hotmail.com,74357,2UEJS45H66N4,1
2020-06-19,zo@hotmail.com,74357,FM44N0YRDYQE,1
2020-06-19,plei@msn.com,29947,FUZDUDA1XCIL,1
2020-06-19,zaiz@gmail.com,74407,JG2PDBFUB6UH,1
2020-06-20,freusp@yahoo.com,73996,EH0Y0KXCAG41,2
2020-06-20,noub@live.com,82698,KZJR5V174JIR,1
2020-06-20,noub@live.com,82698,YF1KAJROK4KI,2
2020-06-20,noub@live.com,82698,3BXH1XKPQXU5,2
2020-06-21,glisk@hotmail.com,43163,A3LWUR5O8A5P,1
2020-06-21,lint@yahoo.com,47225,B59HI61707H1,1
2020-06-21,lint@yahoo.com,47225,25UD9BS6PKJG,6
2020-06-21,fliu@hotmail.com,83621,UZ6QJ27NV99D,1
2020-06-21,fliu@hotmail.com,83621,8WSYIIYENECW,1
2020-06-21,bri@gmail.com,59533,JIPBHPSRW1SU,3
2020-06-21,bee@hotmail.com,73293,AHBFHAKE3GP6,1
2020-06-22,ru@icloud.com,28438,IL2XYNF2XZ8R,2
2020-06-22,ru@icloud.com,28438,JF3YV7DCJ3Z3,3
2020-06-22,chak@gmail.com,81902,LN2OLPEBAVXX,1
2020-06-23,praimp@live.com,67020,08Y358SEGK3K,1
2020-06-23,praimp@live.com,67020,82JXHNQ2XWXN,1
2020-06-23,snaa@hotmail.com,06852,QEG1M3YYGF0Q,2
2020-06-23,mif@live.com,16242,DB3JY4BYTZU0,2
2020-06-23,breuy@aol.com,42051,R3AHUIJRQRNY,1
2020-06-23,breuy@aol.com,42051,6EIQGX3A71I4,1
2020-06-23,breuy@aol.com,42051,PUEOHHFSZIGU,1
2020-06-23,shouf@gmail.com,23319,MWOAQJXOXAFZ,1
2020-06-23,shouf@gmail.com,23319,NXGBAPXFG0T1,1
2020-06-24,pri@yahoo.com,82423,JV3CNX4UZAB1,1
2020-06-24,stou@gmail.com,37037,4BGWZUW7FN0E,1
2020-06-24,smur@aol.com,93655,DYPKWEEQ6ODK,1
2020-06-24,snauf@gmail.com,25439,0LVWJOZRES7K,2
2020-06-24,choask@msn.com,20712,8UZ23L28KF2W,1
2020-06-24,choask@msn.com,20712,674NBTC9QRY7,1
2020-06-25,mol@outlook.com,36232,GVRWW7SJXN7I,1
2020-06-25,mol@outlook.com,36232,G0RC0JXA55C0,1
2020-06-25,mol@outlook.com,36232,DWMHBU8D67NB,1
2020-06-25,wie@live.com,22849,NXQ8C53TUDUF,2
2020-06-25,wie@live.com,22849,5EG0ML2OK3RZ,1
2020-06-25,wie@live.com,22849,OK9BRKDWUW15,4
2020-06-25,kie@icloud.com,43889,HHOSMZB08S0G,2
2020-06-25,kie@icloud.com,43889,AC1YKSOBTZDY,2
2020-06-25,kie@icloud.com,43889,GRM9Q3SS9SSP,2
2020-06-25,sma@hotmail.com,78773,7S4OLTA6TA9B,1
2020-06-25,sma@hotmail.com,78773,ECJVDZBJW95U,1
2020-06-25,deu@aol.com,84862,OALY6OBTFMDO,3
2020-06-25,deu@aol.com,84862,PEVYT74FHZO0,2
2020-06-26,grup@icloud.com,69645,EWG7U3XGRJJB,4
2020-06-26,grup@icloud.com,69645,SG5QTNHDDTEO,3
2020-06-26,ki@msn.com,86240,7MATW0ZQIOUH,1
2020-06-26,ki@msn.com,86240,7WQJYN2SX525,1
2020-06-26,blu@gmail.com,42227,XMC3EQ3QVGPD,1
2020-06-26,ve@gmail.com,39859,A3X2EG82OL3F,3
2020-06-26,swan@yahoo.com,15669,1DH897ZA7NN7,1
2020-06-26,swan@yahoo.com,15669,H9WNYGM124O9,3
2020-06-26,cleb@aol.com,29228,HFPFX6EAV08V,1
2020-06-26,cleb@aol.com,29228,81HHDFRKC5QN,1
2020-06-26,cleb@aol.com,29228,4BR622QZBPSO,1
2020-06-27,dev@outlook.com,32371,1CUV290PPFD4,1
2020-06-27,dev@outlook.com,32371,QS57GXRLQ0DZ,1
2020-06-27,dev@outlook.com,32371,FB69ARAMOS18,1
2020-06-27,dev@outlook.com,32371,XZX3BBLYE36D,5
2020-06-27,jy@yahoo.com,97755,Z3W2W74UUSZN,1
2020-06-27,jy@yahoo.com,97755,HAGEY8IN3956,1
2020-06-27,jy@yahoo.com,97755,OCJL2PETJ5MC,1
2020-06-27,sliu@yahoo.com,18392,D5ZZ5EMN5FLW,1
2020-06-27,vy@inbox.com,90179,I4Q2U6L01TF8,2
2020-06-27,vy@inbox.com,90179,JZA29TQJB29I,3
2020-06-27,plop@gmail.com,94636,OAMW14XB19UX,2
2020-06-27,past@hotmail.com,59140,K0R11D08EN51,5
2020-06-27,nee@live.com,05763,Z1CHM2HX1OU3,1
2020-06-27,nee@live.com,05763,DT3SXUDQ4OYL,1
2020-06-27,swof@yahoo.com,89861,7WI2GVL6SG2Y,2
2020-06-27,dupt@gmail.com,37402,FUTM8BM4L2K2,1
2020-06-27,dupt@gmail.com,37402,W2QRV3VJ6PKY,1
2020-06-28,glesk@icloud.com,32937,JVVF1B22XCVM,2
2020-06-28,zai@msn.com,40479,LOQIUG8CNV4T,1
